# M_G,Msun extracted from Mamajek EEM_dwarf_UBVIJHK_colors_Teff.txt (pas.rochester.edu/~emamajek), dwarf sequence, 2 <= M_G <= 13.5
2.09,1.83
2.19,1.77
2.27,1.81
2.37,1.75
2.51,1.61
2.69,1.5
2.89,1.46
2.99,1.44
3.1,1.38
3.26,1.33
3.56,1.25
3.66,1.21
3.9,1.18
4.105,1.13
4.195,1.08
4.325,1.06
4.462,1.03
4.635,1.0
4.703,0.99
4.757,0.985
4.801,0.98
4.914,0.97
5.006,0.95
5.098,0.94
5.34,0.9
5.553,0.88
5.65,0.86
5.83,0.82
6.2,0.78
6.53,0.73
6.83,0.7
7.02,0.69
7.57,0.64
7.74,0.62
8.03,0.59
8.16,0.57
8.44,0.54
8.82,0.5
8.98,0.47
9.29,0.44
9.67,0.4
10.05,0.37
10.87,0.27
11.21,0.23
12.04,0.184
12.45,0.162
13.35,0.123
