Galaxy_ID,N_points,Has_bulge,chi2_reduced_strict_GOD,chi2_reduced_strict_MOND,chi2_reduced_nuisance_GOD,chi2_reduced_newtonian,Yd_fit,Yb_fit,fd_fit,RMS_pct_strict,a0_m_s2
CamB,9,0,128.483,143.6805,51.4416,9.4734,0.25,0.7,0.85,64.3,1.042115e-10
D512-2,4,0,6.4001,8.6145,0.4636,11.1064,0.45,0.7,0.95,22.55,1.042115e-10
D564-8,6,0,23.6877,29.1911,3.8359,28.5141,0.25,0.7,0.85,33.15,1.042115e-10
D631-7,16,0,27.2113,33.8825,10.9113,88.0062,0.25,0.7,0.85,26.55,1.042115e-10
DDO064,14,0,0.5962,0.8951,0.3382,8.4499,0.55,0.7,1.025,13.74,1.042115e-10
DDO154,12,0,14.0377,21.94,1.9505,486.4399,0.25,0.7,1.025,15.45,1.042115e-10
DDO161,31,0,97.5649,132.7267,15.6366,285.2453,0.25,0.7,0.85,28.27,1.042115e-10
DDO168,10,0,20.2813,27.3893,14.3996,124.9104,0.45,0.7,0.925,18.39,1.042115e-10
DDO170,8,0,119.6823,168.2389,16.6016,490.969,0.25,0.7,0.85,20.46,1.042115e-10
ESO079-G014,15,0,3.7564,7.744,3.4303,110.292,0.75,0.7,1.125,11.82,1.042115e-10
ESO116-G012,15,0,7.9625,4.853,4.8913,185.5832,0.85,0.7,1.15,9.13,1.042115e-10
ESO444-G084,7,0,36.2044,28.5762,27.2884,258.2532,1.15,0.7,1.15,27.17,1.042115e-10
ESO563-G021,30,0,20.6213,18.2787,17.8678,60.1754,0.95,0.7,1.15,20.46,1.042115e-10
F561-1,6,0,49.713,57.4413,12.6486,0.6212,0.25,0.7,0.85,44.46,1.042115e-10
F563-1,17,0,2.4381,1.9174,2.0152,26.6726,0.85,0.7,1.15,27.12,1.042115e-10
F563-V1,6,0,38.3906,43.4134,20.6156,0.1451,0.25,0.7,0.85,54.41,1.042115e-10
F563-V2,10,0,3.454,2.8462,3.4907,16.3941,0.85,0.7,1.15,31.71,1.042115e-10
F565-V2,7,0,1.2966,0.7491,1.1458,37.1307,0.65,0.7,1.15,14.56,1.042115e-10
F567-2,5,0,9.8136,12.0855,2.6058,4.6343,0.45,0.7,0.85,33.41,1.042115e-10
F568-1,12,0,5.463,4.4117,3.7254,28.8972,1.05,0.7,1.15,33.99,1.042115e-10
F568-3,18,0,4.2781,5.3537,2.9506,15.2066,0.55,0.7,1.025,18.64,1.042115e-10
F568-V1,15,0,6.3592,5.2154,3.5324,31.5744,1.15,0.7,1.15,28.06,1.042115e-10
F571-8,13,0,52.1231,51.6774,44.6424,123.1351,0.55,0.7,1.15,34.73,1.042115e-10
F571-V1,7,0,0.9968,1.9416,0.2266,29.4612,0.55,0.7,1.0,13.32,1.042115e-10
F574-1,14,0,1.6848,2.2212,2.2578,63.5679,0.75,0.7,1.125,11.63,1.042115e-10
F574-2,5,0,25.9757,29.164,13.5045,0.5103,0.25,0.7,0.85,60.55,1.042115e-10
F579-V1,14,0,2.4103,2.3398,3.0354,13.7786,0.75,0.7,1.15,24.82,1.042115e-10
F583-1,25,0,1.8773,1.7348,2.0897,36.7121,0.85,0.7,1.125,20.62,1.042115e-10
F583-4,12,0,4.7558,7.041,0.1274,17.4413,0.45,0.7,1.025,15.59,1.042115e-10
IC2574,34,0,106.7752,134.612,2.4656,104.8874,0.25,0.7,0.85,30.78,1.042115e-10
IC4202,32,1,53.8211,56.8087,32.4947,57.8273,1.15,0.55,0.975,18.89,1.042115e-10
KK98-251,15,0,24.9762,31.0232,7.4358,15.2161,0.25,0.7,0.85,36.18,1.042115e-10
NGC0024,29,0,5.9458,4.2854,0.9074,54.7823,1.25,0.7,1.15,22.93,1.042115e-10
NGC0055,21,0,45.0892,60.3929,1.5862,51.1447,0.25,0.7,0.9,21.28,1.042115e-10
NGC0100,21,0,5.0342,7.1635,1.2701,22.549,0.45,0.7,1.15,20.41,1.042115e-10
NGC0247,26,0,6.7878,13.0612,2.7515,129.4983,0.85,0.7,0.95,8.28,1.042115e-10
NGC0289,28,0,18.4835,27.4609,3.3892,72.7553,0.85,0.7,0.85,15.87,1.042115e-10
NGC0300,25,0,1.5796,1.9374,1.2854,100.2735,0.65,0.7,1.15,6.71,1.042115e-10
NGC0801,13,0,198.2997,244.5517,17.3664,52.8185,0.65,0.7,0.85,22.43,1.042115e-10
NGC0891,18,1,273.7206,296.5114,20.5559,204.4908,0.55,0.25,1.125,23.24,1.042115e-10
NGC1003,36,0,23.92,39.923,4.0138,419.666,0.45,0.7,1.05,12.0,1.042115e-10
NGC1090,24,0,105.6345,146.4787,4.0709,94.8638,0.65,0.7,0.875,21.21,1.042115e-10
NGC1705,14,0,10.6874,8.2334,2.3593,65.9269,1.35,0.7,1.15,26.65,1.042115e-10
NGC2366,26,0,23.6805,32.158,1.8905,64.4025,0.25,0.7,0.875,25.95,1.042115e-10
NGC2403,73,0,28.2942,31.0184,12.3602,457.2007,0.65,0.7,1.15,8.02,1.042115e-10
NGC2683,11,1,12.0219,15.6726,2.8549,12.435,0.75,0.75,0.975,14.48,1.042115e-10
NGC2841,50,1,44.5039,29.6172,3.3549,409.9535,1.35,0.75,1.15,12.7,1.042115e-10
NGC2903,34,0,229.4146,262.8723,33.0462,225.3044,0.55,0.7,1.15,24.92,1.042115e-10
NGC2915,30,0,6.7347,5.4684,4.1424,50.0628,1.15,0.7,1.15,33.31,1.042115e-10
NGC2955,24,1,65.929,68.7874,4.4244,57.7558,0.45,0.75,1.075,16.33,1.042115e-10
NGC2976,27,0,9.3718,11.8569,1.5788,1.0471,0.55,0.7,1.05,23.72,1.042115e-10
NGC2998,13,0,50.705,83.0517,3.8139,154.5484,0.85,0.7,0.875,28.49,1.042115e-10
NGC3109,25,0,6.7096,6.1468,5.4053,124.8447,0.55,0.7,1.15,15.29,1.042115e-10
NGC3198,43,0,57.9767,91.8757,3.4686,294.0765,0.85,0.7,0.875,17.9,1.042115e-10
NGC3521,41,0,28.2189,28.6661,1.0123,29.1885,0.55,0.7,1.125,20.06,1.042115e-10
NGC3726,12,0,60.6713,73.4797,2.461,21.4439,0.55,0.7,0.875,21.47,1.042115e-10
NGC3741,21,0,2.9367,2.3997,0.9787,114.3489,0.35,0.7,1.15,12.68,1.042115e-10
NGC3769,12,0,13.0276,17.295,1.072,22.3234,0.45,0.7,1.05,18.17,1.042115e-10
NGC3877,13,0,44.9466,51.4703,8.0871,21.4011,0.55,0.7,1.025,25.19,1.042115e-10
NGC3893,10,0,14.1993,15.8416,3.0592,16.7362,0.55,0.7,1.15,12.47,1.042115e-10
NGC3917,17,0,7.0546,11.951,3.1529,37.4496,0.75,0.7,1.025,13.93,1.042115e-10
NGC3949,7,0,33.7852,35.5375,0.7686,28.0877,0.55,0.7,1.025,19.21,1.042115e-10
NGC3953,8,0,25.1107,30.2593,1.5296,8.6341,0.75,0.7,0.95,12.86,1.042115e-10
NGC3972,10,0,2.106,3.5426,1.6708,18.6323,0.65,0.7,1.15,9.8,1.042115e-10
NGC3992,9,0,3.0335,7.2254,2.5974,65.7686,0.95,0.7,0.975,4.62,1.042115e-10
NGC4010,12,0,10.5586,14.4773,2.4973,12.9277,0.55,0.7,1.05,17.36,1.042115e-10
NGC4013,36,1,35.5627,46.0076,1.3469,59.6246,0.45,0.95,1.1,12.87,1.042115e-10
NGC4051,7,0,36.2238,41.713,1.9369,14.9579,0.55,0.7,0.925,23.18,1.042115e-10
NGC4068,6,0,30.465,37.207,1.9683,4.5376,0.25,0.7,0.85,42.26,1.042115e-10
NGC4085,7,0,46.6211,50.9492,5.7402,31.3112,0.45,0.7,1.05,31.23,1.042115e-10
NGC4088,12,0,91.2027,101.3888,0.5238,51.5839,0.45,0.7,0.875,28.93,1.042115e-10
NGC4100,24,0,5.1746,8.7033,1.8822,22.4563,0.85,0.7,1.0,7.53,1.042115e-10
NGC4138,7,1,3.2173,4.0247,2.4953,4.1438,0.65,0.75,1.1,11.77,1.042115e-10
NGC4157,17,1,34.9857,41.4776,0.5245,21.2155,0.45,0.65,1.075,20.09,1.042115e-10
NGC4183,23,0,5.7619,9.2476,1.676,34.7672,0.75,0.7,0.9,10.25,1.042115e-10
NGC4214,14,0,2.9744,2.1151,1.7896,25.2939,0.95,0.7,1.15,21.61,1.042115e-10
NGC4217,19,1,95.2656,99.72,3.8658,83.9629,1.15,0.25,1.15,30.0,1.042115e-10
NGC4389,6,0,99.4174,104.4148,5.788,79.8691,0.25,0.7,0.85,50.3,1.042115e-10
NGC4559,32,0,26.193,35.762,0.5024,24.6725,0.55,0.7,0.9,19.16,1.042115e-10
NGC5005,18,1,14.557,14.7472,0.2285,13.9676,0.65,0.45,1.025,18.93,1.042115e-10
NGC5033,22,1,19.7351,29.5733,13.6692,364.2509,1.05,0.35,1.025,12.1,1.042115e-10
NGC5055,28,0,1899.1883,2050.9183,11.9441,1591.9703,0.55,0.7,0.9,24.83,1.042115e-10
NGC5371,19,0,413.3597,483.0322,38.2959,126.976,0.55,0.7,0.875,22.4,1.042115e-10
NGC5585,24,0,54.2568,68.7812,7.5204,174.1304,0.35,0.7,1.15,20.42,1.042115e-10
NGC5907,19,0,101.7352,161.7872,12.06,252.7587,0.95,0.7,0.85,10.35,1.042115e-10
NGC5985,33,1,81.6254,66.0662,14.5294,258.3378,1.25,1.75,1.125,24.78,1.042115e-10
NGC6015,44,0,10.8088,16.1867,8.943,108.8824,1.15,0.7,0.875,6.65,1.042115e-10
NGC6195,23,1,90.0249,100.0687,1.5808,58.8895,0.35,0.75,1.05,19.12,1.042115e-10
NGC6503,31,0,44.1184,81.3787,3.8978,827.2603,0.55,0.7,1.15,9.08,1.042115e-10
NGC6674,15,1,16.1357,44.1307,8.0933,1029.0302,1.25,0.95,0.85,5.68,1.042115e-10
NGC6789,4,0,5.3847,4.6992,10.4133,14.3778,0.75,0.7,1.15,43.72,1.042115e-10
NGC6946,58,1,177.0859,205.7496,1.7861,86.2441,0.65,0.55,0.95,18.07,1.042115e-10
NGC7331,36,1,225.4839,255.8179,3.7418,161.7248,0.45,0.25,1.15,21.62,1.042115e-10
NGC7793,46,0,3.2219,4.1871,0.8611,2.5411,0.65,0.7,1.05,18.0,1.042115e-10
NGC7814,18,1,23.3704,15.4287,4.3834,156.183,1.75,0.55,1.15,11.69,1.042115e-10
PGC51017,6,0,142.4919,160.4583,80.0378,3.2445,0.25,0.7,0.85,51.02,1.042115e-10
UGC00128,22,0,47.9462,87.8072,23.758,2485.339,1.35,0.7,0.85,9.13,1.042115e-10
UGC00191,9,0,15.7925,30.8776,5.4886,355.1549,0.95,0.7,0.875,9.43,1.042115e-10
UGC00634,4,0,4.544,1.7726,1.6779,1172.5596,0.65,0.7,1.15,5.36,1.042115e-10
UGC00731,12,0,10.8093,10.6728,12.331,174.1372,1.05,0.7,1.025,23.34,1.042115e-10
UGC00891,5,0,20.3949,35.7001,8.6359,623.0432,0.25,0.7,1.05,18.53,1.042115e-10
UGC01230,11,0,2.9844,3.6635,3.585,15.3495,0.65,0.7,0.95,19.55,1.042115e-10
UGC01281,25,0,0.9983,1.4188,0.3284,17.4796,0.45,0.7,1.1,18470.81,1.042115e-10
UGC02023,5,0,3.7514,4.5528,0.9499,1.0361,0.35,0.7,0.95,35.57,1.042115e-10
UGC02259,8,0,26.5217,16.5843,8.2586,432.0113,1.15,0.7,1.15,21.0,1.042115e-10
UGC02455,8,0,166.5211,180.3577,28.8371,94.4639,0.25,0.7,0.85,57.23,1.042115e-10
UGC02487,17,1,115.4268,68.9482,8.0895,1349.7612,1.45,0.75,1.05,11.82,1.042115e-10
UGC02885,19,1,2.4359,4.6232,0.7982,48.1042,0.65,0.95,1.125,5.36,1.042115e-10
UGC02916,43,1,266.3286,278.7645,12.208,235.5883,1.45,0.55,1.0,17.06,1.042115e-10
UGC02953,115,1,60.427,59.4754,18.5567,448.7386,0.85,0.45,1.15,21.3,1.042115e-10
UGC03205,48,1,6.0318,13.5584,3.5257,165.1345,0.85,1.25,1.0,7.08,1.042115e-10
UGC03546,30,1,83.7885,122.1717,1.267,72.9768,0.85,0.35,1.025,22.08,1.042115e-10
UGC03580,47,1,149.7955,175.1728,4.3991,312.3772,0.35,0.25,1.15,28.54,1.042115e-10
UGC04278,25,0,2.3647,2.5296,2.3888,33.8317,0.75,0.7,1.125,15.86,1.042115e-10
UGC04305,22,0,72.6852,83.0283,24.9413,2.3171,0.25,0.7,0.85,47.4,1.042115e-10
UGC04325,8,0,20.3012,15.4188,8.737,133.9658,1.25,0.7,1.15,24.23,1.042115e-10
UGC04483,8,0,9.0559,12.4927,1.0669,21.4763,0.35,0.7,0.85,24.29,1.042115e-10
UGC04499,9,0,11.6519,18.0666,1.4329,61.3676,0.55,0.7,0.925,17.18,1.042115e-10
UGC05005,11,0,3.3491,4.5092,0.2428,10.7171,0.35,0.7,0.925,26.05,1.042115e-10
UGC05253,73,1,110.7677,116.8866,7.2583,167.133,0.95,0.65,1.05,13.64,1.042115e-10
UGC05414,6,0,16.9529,23.5569,0.6947,26.1134,0.35,0.7,1.0,21.17,1.042115e-10
UGC05716,12,0,8.2325,18.3561,5.9644,998.7916,1.15,0.7,0.925,4.71,1.042115e-10
UGC05721,23,0,10.8086,8.5835,4.0424,62.5836,1.35,0.7,1.15,26.25,1.042115e-10
UGC05750,11,0,4.8519,6.3284,0.876,7.8365,0.45,0.7,0.875,35.62,1.042115e-10
UGC05764,10,0,72.5279,56.1829,26.1224,595.7643,1.75,0.7,1.15,29.47,1.042115e-10
UGC05829,11,0,2.0022,3.2172,0.5068,17.2457,0.55,0.7,0.9,12.26,1.042115e-10
UGC05918,8,0,1.5126,2.4141,0.8432,21.8688,0.55,0.7,0.975,10.26,1.042115e-10
UGC05986,15,0,15.0087,9.5207,6.094,174.2903,1.05,0.7,1.15,12.71,1.042115e-10
UGC05999,5,0,6.1199,9.1343,3.5148,55.3333,0.45,0.7,0.975,15.74,1.042115e-10
UGC06399,9,0,0.3382,0.7349,0.4598,39.3876,0.65,0.7,1.15,9.36,1.042115e-10
UGC06446,17,0,3.0031,1.8357,1.5146,71.2691,0.95,0.7,1.15,12.56,1.042115e-10
UGC06614,13,1,12.4063,15.592,0.6473,15.8184,0.55,0.55,1.025,16.45,1.042115e-10
UGC06628,7,0,19.8101,22.5849,5.7857,0.9539,0.25,0.7,0.85,45.76,1.042115e-10
UGC06667,9,0,24.9356,19.7851,12.8364,193.0955,1.35,0.7,1.15,36.19,1.042115e-10
UGC06786,45,1,89.379,60.9552,21.0332,603.0627,1.35,0.45,1.15,11.43,1.042115e-10
UGC06787,71,1,119.6288,92.261,26.0128,565.1362,1.75,0.45,1.15,15.68,1.042115e-10
UGC06818,8,0,13.4695,16.291,3.5927,13.3697,0.25,0.7,1.05,30.02,1.042115e-10
UGC06917,11,0,1.4134,3.0171,1.0767,54.2692,0.65,0.7,1.15,5.68,1.042115e-10
UGC06923,6,0,4.5163,6.5131,1.1115,9.7245,0.55,0.7,1.025,18.11,1.042115e-10
UGC06930,10,0,3.9435,6.4843,1.3494,26.0047,0.65,0.7,0.975,11.39,1.042115e-10
UGC06973,9,1,404.8349,409.2938,34.1663,390.5658,0.25,0.55,1.15,30.12,1.042115e-10
UGC06983,17,0,1.3161,0.9371,1.2628,64.9376,0.85,0.7,1.125,7.29,1.042115e-10
UGC07089,12,0,16.642,21.1897,0.3357,6.3402,0.35,0.7,0.9,26.04,1.042115e-10
UGC07125,13,0,152.2037,184.723,33.9549,36.5398,0.25,0.7,0.85,34.9,1.042115e-10
UGC07151,11,0,8.1628,13.3238,2.6915,36.2649,0.75,0.7,0.95,12.66,1.042115e-10
UGC07232,4,0,2.1971,2.4964,3.6984,7.6145,0.55,0.7,1.1,16.76,1.042115e-10
UGC07261,7,0,1.1002,1.9768,0.7612,15.471,0.65,0.7,1.05,9.11,1.042115e-10
UGC07323,10,0,12.9406,17.5721,0.6235,7.1559,0.45,0.7,1.0,20.8,1.042115e-10
UGC07399,10,0,64.8595,54.8594,18.7527,238.0221,1.75,0.7,1.15,38.62,1.042115e-10
UGC07524,31,0,6.8075,10.8679,1.7611,62.3611,0.75,0.7,0.875,12.51,1.042115e-10
UGC07559,7,0,12.462,15.2763,1.4477,4.415,0.25,0.7,0.85,35.4,1.042115e-10
UGC07577,9,0,20.8215,23.5056,7.7793,0.3078,0.25,0.7,0.85,57.6,1.042115e-10
UGC07603,12,0,4.3651,3.055,3.2285,79.3621,0.85,0.7,1.15,13.44,1.042115e-10
UGC07608,8,0,1.4188,0.9921,1.4672,20.9722,0.65,0.7,1.15,19.51,1.042115e-10
UGC07690,7,0,3.1309,4.7802,1.586,9.1067,0.65,0.7,0.975,11.72,1.042115e-10
UGC07866,7,0,5.1453,6.5706,0.4942,3.378,0.35,0.7,0.875,27.05,1.042115e-10
UGC08286,17,0,15.7353,9.1657,3.0374,318.1884,1.15,0.7,1.15,14.73,1.042115e-10
UGC08490,30,0,3.8709,1.9993,0.5788,107.4749,1.05,0.7,1.15,10.94,1.042115e-10
UGC08550,11,0,0.8821,1.115,1.4891,144.9946,0.75,0.7,1.1,4.37,1.042115e-10
UGC08699,41,1,11.4243,12.1037,0.802,45.7343,0.95,0.55,1.15,10.19,1.042115e-10
UGC08837,8,0,49.2978,58.3423,5.1238,6.6168,0.25,0.7,0.85,41.61,1.042115e-10
UGC09037,22,0,82.7681,96.0741,1.8312,36.963,0.25,0.7,1.075,27.65,1.042115e-10
UGC09133,68,1,191.97,268.0776,20.0096,800.453,0.95,0.75,0.85,13.91,1.042115e-10
UGC09992,5,0,8.4506,10.1922,2.9394,1.0824,0.35,0.7,0.85,31.95,1.042115e-10
UGC10310,7,0,2.7597,4.3869,1.7802,19.7821,0.55,0.7,1.0,10.41,1.042115e-10
UGC11455,36,0,51.7067,58.7894,5.0663,39.3191,0.55,0.7,1.1,20.82,1.042115e-10
UGC11557,12,0,29.787,34.1654,1.4764,6.4898,0.25,0.7,0.85,48.96,1.042115e-10
UGC11820,10,0,36.1363,62.4672,3.3859,559.7727,0.75,0.7,0.85,11.49,1.042115e-10
UGC11914,65,1,16.222,17.0133,6.1574,14.7941,0.85,0.85,1.075,7.43,1.042115e-10
UGC12506,31,0,4.1978,3.4321,2.8117,34.5392,1.05,0.7,1.125,32.21,1.042115e-10
UGC12632,15,0,6.1358,9.9271,2.5964,84.4321,0.85,0.7,0.875,9.19,1.042115e-10
UGC12732,16,0,1.1971,3.007,1.2773,123.6786,0.85,0.7,0.975,3.93,1.042115e-10
UGCA281,7,0,6.5471,9.6812,0.2764,15.4713,0.45,0.7,1.0,15.96,1.042115e-10
UGCA442,8,0,3.0801,3.3375,3.5142,262.3411,0.45,0.7,1.1,7.66,1.042115e-10
UGCA444,36,0,0.8249,1.3575,0.2025,11.8449,0.55,0.7,0.85,9.99,1.042115e-10
