Galaxy_ID,N_points,Has_bulge,N_params_fitted,Yd_MAP,Yb_MAP,fd_MAP,chi2_data_MAP,chi2_prior_penalty,chi2_total_MAP,chi2_reduced_nuisance,chi2_reduced_strict_GOD,chi2_reduced_strict_MOND,RMS_pct_strict
CamB,9,0,2,0.25,,1.15,312.5213,6.25,318.7713,44.6459,156.2683,172.1996,66.26
D512-2,4,0,2,0.55,,1.025,0.4888,0.2225,0.7113,0.2444,10.2229,12.8546,26.53
D564-8,6,0,2,0.25,,1.15,13.5981,6.25,19.8481,3.3995,29.1241,35.0179,35.27
D631-7,16,0,2,0.25,,1.15,171.1572,6.25,177.4072,12.2255,41.1804,49.5135,29.28
DDO064,14,0,2,0.55,,0.95,3.1994,0.41,3.6094,0.2666,1.3082,1.8425,16.83
DDO154,12,0,2,0.25,,1.025,4.3184,4.0625,8.3809,0.4318,25.8317,38.0045,18.15
DDO161,31,0,2,0.25,,1.15,1509.8361,6.25,1516.0861,52.0633,148.0188,188.9091,32.14
DDO168,10,0,2,0.25,,1.15,130.2754,6.25,136.5254,16.2844,39.204,50.1531,22.51
DDO170,8,0,2,0.25,,1.15,315.4014,6.25,321.6514,52.5669,181.5736,238.3839,23.95
ESO079-G014,15,0,2,0.75,,0.85,49.1397,6.25,55.3897,3.78,40.0924,57.4375,18.37
ESO116-G012,15,0,2,0.85,,0.85,64.4349,10.09,74.5249,4.9565,7.4701,10.3617,12.21
ESO444-G084,7,0,2,1.35,,0.85,75.9682,48.49,124.4582,15.1936,24.9727,19.174,21.36
ESO563-G021,30,0,2,0.95,,1.1,508.2601,13.96,522.2201,18.1521,22.157,25.7766,21.35
F561-1,6,0,2,0.25,,1.15,43.7635,6.25,50.0135,10.9409,66.9805,75.4464,48.29
F563-1,17,0,2,0.95,,0.85,25.5602,15.21,40.7702,1.704,1.7238,1.3839,22.37
F563-V1,6,0,2,0.25,,1.15,86.1189,6.25,92.3689,21.5297,45.3647,50.5956,56.49
F563-V2,10,0,2,1.05,,0.85,13.3801,21.61,34.9901,1.6725,2.1236,1.6994,23.47
F565-V2,7,0,2,0.65,,0.85,8.4954,3.69,12.1854,1.6991,0.6155,0.3553,13.15
F567-2,5,0,2,0.45,,1.05,7.9532,0.41,8.3632,2.6511,15.4257,18.2126,38.58
F568-1,12,0,2,1.15,,0.85,15.5252,29.29,44.8152,1.5525,3.2676,2.5601,26.48
F568-3,18,0,2,0.65,,0.95,46.0137,1.69,47.7037,2.8759,7.0363,8.6545,21.59
F568-V1,15,0,2,1.25,,0.85,9.2909,38.25,47.5409,0.7147,3.9565,3.1335,20.68
F571-8,13,0,2,0.65,,0.85,539.0779,3.69,542.7679,49.0071,72.146,75.7391,37.23
F571-V1,7,0,2,0.55,,0.975,1.3345,0.2225,1.557,0.2669,2.6358,4.066,17.48
F574-1,14,0,2,0.85,,0.975,26.0152,7.9025,33.9177,2.1679,3.6043,5.678,13.78
F574-2,5,0,2,0.25,,1.15,42.9297,6.25,49.1797,14.3099,32.0878,35.4819,63.5
F579-V1,14,0,2,0.85,,0.95,32.7526,8.09,40.8426,2.7294,2.3162,2.7113,18.6
F583-1,25,0,2,0.95,,1.0,47.5194,12.96,60.4794,2.0661,1.8264,2.0764,20.88
F583-4,12,0,2,0.65,,1.05,1.3417,1.69,3.0317,0.1342,9.6926,12.7044,20.96
IC2574,34,0,2,0.25,,1.15,25.6473,6.25,31.8973,0.8015,146.7041,177.9098,33.72
IC4202,32,1,3,0.85,0.65,0.9,916.2423,8.9216,925.164,31.5946,106.831,120.4062,23.67
KK98-251,15,0,2,0.25,,1.15,180.0161,6.25,186.2661,13.8474,34.3082,41.0822,38.96
NGC0024,29,0,2,1.05,,0.85,19.8557,21.61,41.4657,0.7354,1.8048,1.1107,12.69
NGC0055,21,0,2,0.25,,1.15,23.2884,6.25,29.5384,1.2257,87.1633,107.1548,26.79
NGC0100,21,0,2,0.65,,0.9,29.8724,2.44,32.3124,1.5722,12.9503,16.3977,25.28
NGC0247,26,0,2,0.75,,0.975,87.0243,4.0625,91.0868,3.626,26.5877,38.6545,14.14
NGC0289,28,0,2,0.65,,1.15,123.1486,3.69,126.8386,4.7365,45.6073,59.0659,21.58
NGC0300,25,0,2,0.75,,0.85,36.1705,6.25,42.4205,1.5726,4.904,7.4677,11.02
NGC0801,13,0,2,0.65,,1.15,351.6669,3.69,355.3569,31.9697,420.0397,487.8411,28.33
NGC0891,18,1,3,0.65,0.55,0.85,141.4464,4.4247,145.8711,9.4298,577.9021,639.2992,28.84
NGC1003,36,0,2,0.55,,0.875,164.4085,1.7225,166.131,4.8355,59.7808,83.3494,17.28
NGC1090,24,0,2,0.65,,1.15,121.7794,3.69,125.4694,5.5354,267.9208,328.8417,27.99
NGC1705,14,0,2,1.15,,0.85,11.4759,29.29,40.7659,0.9563,5.1244,3.5367,17.88
NGC2366,26,0,2,0.25,,1.15,77.8928,6.25,84.1428,3.2455,41.5898,52.4334,29.86
NGC2403,73,0,2,0.75,,0.85,768.4294,6.25,774.6794,10.8229,114.8043,145.7734,14.68
NGC2683,11,1,3,0.75,0.75,1.1,15.3472,5.0816,20.4288,1.9184,40.0467,48.0206,21.5
NGC2841,50,1,3,1.05,0.95,0.85,108.9359,23.6508,132.5867,2.3178,6.5974,2.5784,4.68
NGC2903,34,0,2,0.75,,1.1,792.8689,5.0,797.8689,24.7772,638.5396,736.519,28.71
NGC2915,30,0,2,1.25,,0.85,90.2093,38.25,128.4593,3.2218,5.348,4.3675,29.56
NGC2955,24,1,3,0.55,0.85,0.925,81.8542,1.4572,83.3114,3.8978,124.301,134.9778,22.78
NGC2976,27,0,2,0.65,,1.05,31.8414,1.69,33.5314,1.2737,28.7207,33.5294,30.98
NGC2998,13,0,2,0.65,,0.95,76.0701,1.69,77.7601,6.9155,198.3085,256.4288,25.72
NGC3109,25,0,2,0.65,,0.85,120.9201,3.69,124.6101,5.2574,6.2555,6.6322,14.78
NGC3198,43,0,2,0.75,,1.15,192.1581,6.25,198.4081,4.6868,218.2025,279.2102,24.24
NGC3521,41,0,2,0.75,,1.075,43.2092,4.5625,47.7717,1.1079,44.1244,46.9938,24.45
NGC3726,12,0,2,0.55,,1.0,32.1853,0.16,32.3453,3.2185,142.8505,163.5917,29.07
NGC3741,21,0,2,0.55,,0.85,21.4367,2.41,23.8467,1.1282,3.0661,3.0918,13.8
NGC3769,12,0,2,0.55,,0.875,8.8981,1.7225,10.6206,0.8898,33.466,40.4863,24.42
NGC3877,13,0,2,0.65,,1.1,88.1111,2.44,90.5511,8.0101,111.2625,125.0022,31.53
NGC3893,10,0,2,0.75,,1.025,13.8618,4.0625,17.9243,1.7327,37.9216,43.6855,19.26
NGC3917,17,0,2,0.75,,1.025,45.4777,4.0625,49.5402,3.0318,34.3986,45.4452,20.24
NGC3949,7,0,2,0.65,,1.0,2.4163,1.44,3.8563,0.4833,66.7465,72.5077,26.11
NGC3953,8,0,2,0.75,,1.15,15.2046,6.25,21.4546,2.5341,89.477,103.092,21.68
NGC3972,10,0,2,0.75,,0.9,12.9651,5.0,17.9651,1.6206,14.9921,19.9805,16.9
NGC3992,9,0,2,0.85,,1.15,16.2296,10.09,26.3196,2.3185,36.4962,50.9411,12.72
NGC4010,12,0,2,0.65,,0.975,24.9912,1.5025,26.4937,2.4991,32.5461,39.7249,25.19
NGC4013,36,1,3,0.55,1.05,0.925,56.5514,4.7225,61.2739,1.7137,107.8161,128.2768,20.88
NGC4051,7,0,2,0.55,,0.925,12.7763,0.7225,13.4988,2.5553,85.2471,95.4795,31.05
NGC4068,6,0,2,0.25,,1.125,5.362,5.5625,10.9245,1.3405,47.5586,55.5084,45.87
NGC4085,7,0,2,0.55,,0.875,26.6043,1.7225,28.3268,5.3209,96.7695,106.4061,37.37
NGC4088,12,0,2,0.45,,0.85,14.7853,2.41,17.1953,1.4785,176.9644,195.0286,35.9
NGC4100,24,0,2,0.75,,0.925,41.3208,4.5625,45.8833,1.8782,35.9957,46.2845,15.98
NGC4138,7,1,3,0.75,0.75,0.975,6.8143,4.1441,10.9584,1.7036,10.9573,13.1931,18.82
NGC4157,17,1,3,0.55,0.75,0.85,12.9395,2.4916,15.4312,0.9243,84.8861,97.0603,27.34
NGC4183,23,0,2,0.65,,1.05,46.6384,1.69,48.3284,2.2209,15.6968,21.2118,16.29
NGC4214,14,0,2,0.95,,0.85,17.892,15.21,33.102,1.491,1.4027,1.2334,14.46
NGC4217,19,1,3,1.15,0.35,0.85,30.0327,33.29,63.3227,1.877,154.6466,166.5521,34.91
NGC4389,6,0,2,0.35,,1.025,19.8101,1.5025,21.3126,4.9525,152.786,162.0559,55.19
NGC4559,32,0,2,0.55,,1.075,29.9821,0.7225,30.7046,0.9994,64.6137,78.7084,26.64
NGC5005,18,1,3,0.75,0.65,1.0,1.4872,4.0816,5.5688,0.0991,21.3601,22.5082,23.18
NGC5033,22,1,3,0.95,0.35,1.15,142.3007,19.21,161.5107,7.4895,99.5023,140.7885,16.77
NGC5055,28,0,2,0.55,,0.85,642.8989,2.41,645.3089,24.7269,3400.1038,3722.3247,30.32
NGC5371,19,0,2,0.55,,1.05,866.542,0.41,866.952,50.9731,899.4603,1013.064,29.67
NGC5585,24,0,2,0.55,,0.85,171.3913,2.41,173.8013,7.7905,123.1082,146.7588,26.86
NGC5907,19,0,2,0.75,,1.15,321.0116,6.25,327.2616,18.883,395.6842,505.4064,17.85
NGC5985,33,1,3,0.95,1.75,0.925,221.1517,49.5225,270.6742,7.3717,22.0414,20.2423,13.13
NGC6015,44,0,2,0.85,,1.15,446.8193,10.09,456.9093,10.6386,70.9182,93.2132,12.71
NGC6195,23,1,3,0.45,0.85,1.1,51.6024,1.8947,53.4971,2.5801,204.5155,228.1672,26.37
NGC6503,31,0,2,0.75,,1.0,140.1517,4.0,144.1517,4.8328,185.2183,258.3111,15.5
NGC6674,15,1,3,0.75,1.65,1.125,90.4396,35.0319,125.4715,7.5366,137.4024,213.4969,9.59
NGC6789,4,0,2,0.85,,0.9,17.7082,8.84,26.5482,8.8541,3.2929,2.8319,32.35
NGC6946,58,1,3,0.65,0.75,1.025,88.9152,1.5841,90.4994,1.6166,481.0098,545.9061,25.62
NGC7331,36,1,3,0.65,0.25,1.0,90.2791,8.0522,98.3314,2.7357,493.3786,557.2864,27.78
NGC7793,46,0,2,0.65,,0.85,38.7216,3.69,42.4116,0.88,11.2474,13.414,24.81
NGC7814,18,1,3,1.15,0.75,0.85,31.0363,29.3716,60.4079,2.0691,17.2394,23.4511,10.99
PGC51017,6,0,2,0.25,,1.15,345.6966,6.25,351.9466,86.4242,173.5693,192.4896,53.33
UGC00128,22,0,2,0.85,,1.15,923.8115,10.09,933.9015,46.1906,102.4561,173.74,11.28
UGC00191,9,0,2,0.75,,1.15,74.4119,6.25,80.6619,10.6303,52.5282,78.5686,12.63
UGC00634,4,0,2,0.75,,0.875,2.9303,5.5625,8.4928,1.4651,6.1303,19.1049,8.72
UGC00731,12,0,2,1.25,,1.15,99.9338,38.25,138.1838,9.9934,11.4531,12.826,21.0
UGC00891,5,0,2,0.35,,0.95,25.793,1.69,27.483,8.5977,46.0034,69.2861,21.88
UGC01230,11,0,2,0.75,,1.1,32.8585,5.0,37.8585,3.6509,3.7609,4.7372,20.64
UGC01281,25,0,2,0.55,,0.9,21.1731,1.16,22.3331,0.9206,2.5269,3.3098,31.34
UGC02023,5,0,2,0.45,,1.025,2.1438,0.2225,2.3663,0.7146,5.9942,6.9643,40.15
UGC02259,8,0,2,1.05,,0.95,40.1678,19.61,59.7778,6.6946,7.5634,5.6163,13.74
UGC02455,8,0,2,0.25,,1.15,66.1899,6.25,72.4399,11.0316,247.3567,265.2046,61.76
UGC02487,17,1,3,1.05,1.05,1.15,65.1278,25.61,90.7378,4.652,5.4452,8.9641,2.44
UGC02885,19,1,3,0.75,0.95,0.975,17.6339,6.1033,23.7373,1.1021,18.7136,25.4443,13.21
UGC02916,43,1,3,0.95,0.65,0.85,586.8932,15.2916,602.1848,14.6723,522.3003,571.7723,22.43
UGC02953,115,1,3,0.85,0.75,0.875,839.5343,9.4841,849.0184,7.4958,254.2525,321.4267,22.86
UGC03205,48,1,3,0.75,1.05,1.0,171.8934,8.0,179.8934,3.8199,71.0046,98.9433,12.73
UGC03546,30,1,3,0.75,0.65,0.975,23.5976,4.1441,27.7418,0.874,405.1516,497.7653,26.06
UGC03580,47,1,3,0.65,0.25,0.9,132.9597,9.0522,142.012,3.0218,297.7311,342.0822,33.76
UGC04278,25,0,2,0.75,,0.85,64.0092,6.25,70.2592,2.783,4.2237,5.3189,19.51
UGC04305,22,0,2,0.25,,1.15,609.4734,6.25,615.7234,30.4737,96.1987,107.4613,51.06
UGC04325,8,0,2,1.05,,0.9,48.7434,20.36,69.1034,8.1239,8.5007,6.9269,15.23
UGC04483,8,0,2,0.25,,1.15,18.7106,6.25,24.9606,3.1184,15.5438,19.7764,28.5
UGC04499,9,0,2,0.55,,1.1,15.4205,1.16,16.5805,2.2029,27.8364,37.0227,22.81
UGC05005,11,0,2,0.45,,1.075,2.99,0.7225,3.7125,0.3322,5.4412,6.8419,29.9
UGC05253,73,1,3,0.85,0.75,0.925,696.3591,8.4841,704.8433,9.948,263.2722,300.9782,17.83
UGC05414,6,0,2,0.45,,1.0,0.7077,0.16,0.8677,0.1769,36.1197,45.1447,27.02
UGC05716,12,0,2,0.95,,1.15,104.4764,15.21,119.6864,10.4476,22.9337,44.3958,6.87
UGC05721,23,0,2,1.15,,0.85,63.1978,29.29,92.4878,3.0094,5.9017,4.4856,18.26
UGC05750,11,0,2,0.45,,1.05,9.1494,0.41,9.5594,1.0166,7.2131,8.9435,38.3
UGC05764,10,0,2,1.55,,0.85,74.8769,72.81,147.6869,9.3596,47.2353,35.5189,23.85
UGC05829,11,0,2,0.55,,1.125,13.5381,1.7225,15.2606,1.5042,4.2685,5.911,17.29
UGC05918,8,0,2,0.65,,1.025,6.5969,1.5025,8.0994,1.0995,2.7465,3.9398,13.42
UGC05986,15,0,2,0.95,,0.875,88.4069,14.5225,102.9294,6.8005,6.563,7.4794,11.43
UGC05999,5,0,2,0.55,,1.05,12.3176,0.41,12.7276,4.1059,12.3321,16.6341,19.94
UGC06399,9,0,2,0.75,,0.875,3.5689,5.5625,9.1314,0.5098,2.1306,3.7177,13.64
UGC06446,17,0,2,1.05,,0.975,11.8957,19.4225,31.3182,0.793,1.0172,0.8822,7.63
UGC06614,13,1,3,0.55,0.65,0.95,12.7105,0.4916,13.2021,1.271,34.3243,40.0366,24.12
UGC06628,7,0,2,0.25,,1.125,28.6448,5.5625,34.2073,5.729,26.8507,29.9004,49.89
UGC06667,9,0,2,1.35,,0.85,39.8206,48.49,88.3106,5.6887,18.0446,14.0464,30.87
UGC06786,45,1,3,1.05,0.75,0.85,645.6063,21.6916,667.298,15.3716,29.0375,25.8371,9.68
UGC06787,71,1,3,1.25,0.65,0.95,1821.8997,36.3316,1858.2313,26.7926,78.3402,85.2394,14.76
UGC06818,8,0,2,0.45,,0.95,20.1736,0.41,20.5836,3.3623,21.5172,25.0597,34.42
UGC06917,11,0,2,0.75,,0.9,10.6577,5.0,15.6577,1.1842,10.0305,14.8262,12.71
UGC06923,6,0,2,0.55,,0.925,4.6719,0.7225,5.3944,1.168,13.8854,17.3778,25.41
UGC06930,10,0,2,0.65,,1.025,14.4006,1.5025,15.9031,1.8001,11.4946,15.589,17.65
UGC06973,9,1,3,0.55,0.35,0.85,115.1093,6.41,121.5193,19.1849,516.5504,535.1393,34.57
UGC06983,17,0,2,0.85,,0.9,18.9982,8.84,27.8382,1.2665,1.6805,3.1512,9.07
UGC07089,12,0,2,0.45,,1.05,2.4235,0.41,2.8335,0.2424,29.1784,34.8016,31.48
UGC07125,13,0,2,0.25,,1.15,558.7178,6.25,564.9678,50.7925,207.0269,243.0036,38.59
UGC07151,11,0,2,0.75,,1.15,26.0499,6.25,32.2999,2.8944,29.975,39.472,20.0
UGC07232,4,0,2,0.65,,0.95,7.3325,1.69,9.0225,3.6663,4.4832,5.3996,22.1
UGC07261,7,0,2,0.75,,1.025,3.7711,4.0625,7.8336,0.7542,4.1751,5.8665,14.06
UGC07323,10,0,2,0.55,,0.975,3.1446,0.2225,3.3671,0.3931,31.0125,37.7533,27.92
UGC07399,10,0,2,1.45,,0.85,43.7664,60.01,103.7764,5.4708,40.8049,33.4013,28.27
UGC07524,31,0,2,0.65,,1.125,80.4036,3.0025,83.4061,2.7725,15.2904,21.1307,17.32
UGC07559,7,0,2,0.25,,1.125,9.4436,5.5625,15.0061,1.8887,17.6999,20.876,39.08
UGC07577,9,0,2,0.25,,1.15,48.2387,6.25,54.4887,6.8912,25.0852,27.9119,60.38
UGC07603,12,0,2,0.85,,0.85,34.8865,10.09,44.9765,3.4886,3.4293,3.6304,13.61
UGC07608,8,0,2,0.75,,0.875,9.4817,5.5625,15.0442,1.5803,0.822,0.5723,16.65
UGC07690,7,0,2,0.65,,1.025,9.197,1.5025,10.6995,1.8394,9.4382,12.2221,19.02
UGC07866,7,0,2,0.35,,1.05,4.3341,1.69,6.0241,0.8668,7.8212,9.4731,31.35
UGC08286,17,0,2,1.05,,0.95,37.1299,19.61,56.7399,2.4753,3.9768,2.4831,9.06
UGC08490,30,0,2,0.95,,0.85,10.1672,15.21,25.3772,0.3631,0.5606,0.2391,3.83
UGC08550,11,0,2,0.85,,0.975,12.7375,7.9025,20.64,1.4153,2.3766,4.8208,6.74
UGC08699,41,1,3,0.85,0.85,1.05,46.6878,8.8247,55.5125,1.2286,41.3959,50.6758,14.48
UGC08837,8,0,2,0.25,,1.15,32.3925,6.25,38.6425,5.3988,70.5791,80.9112,45.58
UGC09037,22,0,2,0.45,,1.05,37.0671,0.41,37.4771,1.8534,163.8788,184.2855,34.47
UGC09133,68,1,3,0.75,0.75,1.15,1248.1991,6.3316,1254.5307,19.2031,452.0153,574.6616,18.87
UGC09992,5,0,2,0.35,,1.075,12.0255,2.0025,14.028,4.0085,11.8965,13.8618,36.14
UGC10310,7,0,2,0.65,,1.05,11.6307,1.69,13.3207,2.3261,6.8194,9.3019,16.04
UGC11455,36,0,2,0.65,,0.85,163.2406,3.69,166.9306,4.8012,129.8878,147.1422,27.67
UGC11557,12,0,2,0.35,,1.1,14.8249,2.44,17.2649,1.4825,49.0705,54.5116,53.92
UGC11820,10,0,2,0.55,,1.15,184.7288,2.41,187.1388,23.0911,74.4303,109.3097,14.53
UGC11914,65,1,3,0.85,0.95,1.1,248.2877,10.8808,259.1685,4.0046,63.9516,74.4875,11.18
UGC12506,31,0,2,0.95,,1.025,68.2765,13.0225,81.299,2.3544,2.271,3.0663,24.94
UGC12632,15,0,2,0.75,,1.15,59.8328,6.25,66.0828,4.6025,12.4604,17.8538,13.23
UGC12732,16,0,2,0.85,,1.15,24.3301,10.09,34.4201,1.7379,4.4024,8.0306,7.77
UGCA281,7,0,2,0.55,,1.0,1.1907,0.16,1.3507,0.2381,15.8998,20.382,22.06
UGCA442,8,0,2,0.45,,0.875,26.3399,1.7225,28.0624,4.39,4.9074,7.3467,10.38
UGCA444,36,0,2,0.45,,1.15,30.4215,2.41,32.8315,0.8948,1.6626,2.3792,13.53
