Galaxy_ID,N_points,Has_bulge,chi2_reduced_strict_GOD,chi2_reduced_strict_MOND,chi2_reduced_nuisance_GOD,Yd_fit,Yb_fit,fd_fit,RMS_pct_strict,a0_m_s2
CamB,9,0,156.2683,172.1996,44.6459,0.25,0.7,1.15,66.26,1.042115e-10
D512-2,4,0,10.2229,12.8546,0.2444,0.55,0.7,1.025,26.53,1.042115e-10
D564-8,6,0,29.1241,35.0179,3.3995,0.25,0.7,1.15,35.27,1.042115e-10
D631-7,16,0,41.1804,49.5135,12.2255,0.25,0.7,1.15,29.28,1.042115e-10
DDO064,14,0,1.3082,1.8425,0.2666,0.55,0.7,0.95,16.83,1.042115e-10
DDO154,12,0,25.8317,38.0045,0.4318,0.25,0.7,1.025,18.15,1.042115e-10
DDO161,31,0,148.0188,188.9091,52.0633,0.25,0.7,1.15,32.14,1.042115e-10
DDO168,10,0,39.204,50.1531,16.2844,0.25,0.7,1.15,22.51,1.042115e-10
DDO170,8,0,181.5736,238.3839,52.5669,0.25,0.7,1.15,23.95,1.042115e-10
ESO079-G014,15,0,40.0924,57.4375,3.78,0.75,0.7,0.85,18.37,1.042115e-10
ESO116-G012,15,0,7.4701,10.3617,4.9565,0.85,0.7,0.85,12.21,1.042115e-10
ESO444-G084,7,0,24.9727,19.174,15.1936,1.35,0.7,0.85,21.36,1.042115e-10
ESO563-G021,30,0,22.157,25.7766,18.1521,0.95,0.7,1.1,21.35,1.042115e-10
F561-1,6,0,66.9805,75.4464,10.9409,0.25,0.7,1.15,48.29,1.042115e-10
F563-1,17,0,1.7238,1.3839,1.704,0.95,0.7,0.85,22.37,1.042115e-10
F563-V1,6,0,45.3647,50.5956,21.5297,0.25,0.7,1.15,56.49,1.042115e-10
F563-V2,10,0,2.1236,1.6994,1.6725,1.05,0.7,0.85,23.47,1.042115e-10
F565-V2,7,0,0.6155,0.3553,1.6991,0.65,0.7,0.85,13.15,1.042115e-10
F567-2,5,0,15.4257,18.2126,2.6511,0.45,0.7,1.05,38.58,1.042115e-10
F568-1,12,0,3.2676,2.5601,1.5525,1.15,0.7,0.85,26.48,1.042115e-10
F568-3,18,0,7.0363,8.6545,2.8759,0.65,0.7,0.95,21.59,1.042115e-10
F568-V1,15,0,3.9565,3.1335,0.7147,1.25,0.7,0.85,20.68,1.042115e-10
F571-8,13,0,72.146,75.7391,49.0071,0.65,0.7,0.85,37.23,1.042115e-10
F571-V1,7,0,2.6358,4.066,0.2669,0.55,0.7,0.975,17.48,1.042115e-10
F574-1,14,0,3.6043,5.678,2.1679,0.85,0.7,0.975,13.78,1.042115e-10
F574-2,5,0,32.0878,35.4819,14.3099,0.25,0.7,1.15,63.5,1.042115e-10
F579-V1,14,0,2.3162,2.7113,2.7294,0.85,0.7,0.95,18.6,1.042115e-10
F583-1,25,0,1.8264,2.0764,2.0661,0.95,0.7,1.0,20.88,1.042115e-10
F583-4,12,0,9.6926,12.7044,0.1342,0.65,0.7,1.05,20.96,1.042115e-10
IC2574,34,0,146.7041,177.9098,0.8015,0.25,0.7,1.15,33.72,1.042115e-10
IC4202,32,1,106.831,120.4062,31.5946,0.85,0.65,0.9,23.67,1.042115e-10
KK98-251,15,0,34.3082,41.0822,13.8474,0.25,0.7,1.15,38.96,1.042115e-10
NGC0024,29,0,1.8048,1.1107,0.7354,1.05,0.7,0.85,12.69,1.042115e-10
NGC0055,21,0,87.1633,107.1548,1.2257,0.25,0.7,1.15,26.79,1.042115e-10
NGC0100,21,0,12.9503,16.3977,1.5722,0.65,0.7,0.9,25.28,1.042115e-10
NGC0247,26,0,26.5877,38.6545,3.626,0.75,0.7,0.975,14.14,1.042115e-10
NGC0289,28,0,45.6073,59.0659,4.7365,0.65,0.7,1.15,21.58,1.042115e-10
NGC0300,25,0,4.904,7.4677,1.5726,0.75,0.7,0.85,11.02,1.042115e-10
NGC0801,13,0,420.0397,487.8411,31.9697,0.65,0.7,1.15,28.33,1.042115e-10
NGC0891,18,1,577.9021,639.2992,9.4298,0.65,0.55,0.85,28.84,1.042115e-10
NGC1003,36,0,59.7808,83.3494,4.8355,0.55,0.7,0.875,17.28,1.042115e-10
NGC1090,24,0,267.9208,328.8417,5.5354,0.65,0.7,1.15,27.99,1.042115e-10
NGC1705,14,0,5.1244,3.5367,0.9563,1.15,0.7,0.85,17.88,1.042115e-10
NGC2366,26,0,41.5898,52.4334,3.2455,0.25,0.7,1.15,29.86,1.042115e-10
NGC2403,73,0,114.8043,145.7734,10.8229,0.75,0.7,0.85,14.68,1.042115e-10
NGC2683,11,1,40.0467,48.0206,1.9184,0.75,0.75,1.1,21.5,1.042115e-10
NGC2841,50,1,6.5974,2.5784,2.3178,1.05,0.95,0.85,4.68,1.042115e-10
NGC2903,34,0,638.5396,736.519,24.7772,0.75,0.7,1.1,28.71,1.042115e-10
NGC2915,30,0,5.348,4.3675,3.2218,1.25,0.7,0.85,29.56,1.042115e-10
NGC2955,24,1,124.301,134.9778,3.8978,0.55,0.85,0.925,22.78,1.042115e-10
NGC2976,27,0,28.7207,33.5294,1.2737,0.65,0.7,1.05,30.98,1.042115e-10
NGC2998,13,0,198.3085,256.4288,6.9155,0.65,0.7,0.95,25.72,1.042115e-10
NGC3109,25,0,6.2555,6.6322,5.2574,0.65,0.7,0.85,14.78,1.042115e-10
NGC3198,43,0,218.2025,279.2102,4.6868,0.75,0.7,1.15,24.24,1.042115e-10
NGC3521,41,0,44.1244,46.9938,1.1079,0.75,0.7,1.075,24.45,1.042115e-10
NGC3726,12,0,142.8505,163.5917,3.2185,0.55,0.7,1.0,29.07,1.042115e-10
NGC3741,21,0,3.0661,3.0918,1.1282,0.55,0.7,0.85,13.8,1.042115e-10
NGC3769,12,0,33.466,40.4863,0.8898,0.55,0.7,0.875,24.42,1.042115e-10
NGC3877,13,0,111.2625,125.0022,8.0101,0.65,0.7,1.1,31.53,1.042115e-10
NGC3893,10,0,37.9216,43.6855,1.7327,0.75,0.7,1.025,19.26,1.042115e-10
NGC3917,17,0,34.3986,45.4452,3.0318,0.75,0.7,1.025,20.24,1.042115e-10
NGC3949,7,0,66.7465,72.5077,0.4833,0.65,0.7,1.0,26.11,1.042115e-10
NGC3953,8,0,89.477,103.092,2.5341,0.75,0.7,1.15,21.68,1.042115e-10
NGC3972,10,0,14.9921,19.9805,1.6206,0.75,0.7,0.9,16.9,1.042115e-10
NGC3992,9,0,36.4962,50.9411,2.3185,0.85,0.7,1.15,12.72,1.042115e-10
NGC4010,12,0,32.5461,39.7249,2.4991,0.65,0.7,0.975,25.19,1.042115e-10
NGC4013,36,1,107.8161,128.2768,1.7137,0.55,1.05,0.925,20.88,1.042115e-10
NGC4051,7,0,85.2471,95.4795,2.5553,0.55,0.7,0.925,31.05,1.042115e-10
NGC4068,6,0,47.5586,55.5084,1.3405,0.25,0.7,1.125,45.87,1.042115e-10
NGC4085,7,0,96.7695,106.4061,5.3209,0.55,0.7,0.875,37.37,1.042115e-10
NGC4088,12,0,176.9644,195.0286,1.4785,0.45,0.7,0.85,35.9,1.042115e-10
NGC4100,24,0,35.9957,46.2845,1.8782,0.75,0.7,0.925,15.98,1.042115e-10
NGC4138,7,1,10.9573,13.1931,1.7036,0.75,0.75,0.975,18.82,1.042115e-10
NGC4157,17,1,84.8861,97.0603,0.9243,0.55,0.75,0.85,27.34,1.042115e-10
NGC4183,23,0,15.6968,21.2118,2.2209,0.65,0.7,1.05,16.29,1.042115e-10
NGC4214,14,0,1.4027,1.2334,1.491,0.95,0.7,0.85,14.46,1.042115e-10
NGC4217,19,1,154.6466,166.5521,1.877,1.15,0.35,0.85,34.91,1.042115e-10
NGC4389,6,0,152.786,162.0559,4.9525,0.35,0.7,1.025,55.19,1.042115e-10
NGC4559,32,0,64.6137,78.7084,0.9994,0.55,0.7,1.075,26.64,1.042115e-10
NGC5005,18,1,21.3601,22.5082,0.0991,0.75,0.65,1.0,23.18,1.042115e-10
NGC5033,22,1,99.5023,140.7885,7.4895,0.95,0.35,1.15,16.77,1.042115e-10
NGC5055,28,0,3400.1038,3722.3247,24.7269,0.55,0.7,0.85,30.32,1.042115e-10
NGC5371,19,0,899.4603,1013.064,50.9731,0.55,0.7,1.05,29.67,1.042115e-10
NGC5585,24,0,123.1082,146.7588,7.7905,0.55,0.7,0.85,26.86,1.042115e-10
NGC5907,19,0,395.6842,505.4064,18.883,0.75,0.7,1.15,17.85,1.042115e-10
NGC5985,33,1,22.0414,20.2423,7.3717,0.95,1.75,0.925,13.13,1.042115e-10
NGC6015,44,0,70.9182,93.2132,10.6386,0.85,0.7,1.15,12.71,1.042115e-10
NGC6195,23,1,204.5155,228.1672,2.5801,0.45,0.85,1.1,26.37,1.042115e-10
NGC6503,31,0,185.2183,258.3111,4.8328,0.75,0.7,1.0,15.5,1.042115e-10
NGC6674,15,1,137.4024,213.4969,7.5366,0.75,1.65,1.125,9.59,1.042115e-10
NGC6789,4,0,3.2929,2.8319,8.8541,0.85,0.7,0.9,32.35,1.042115e-10
NGC6946,58,1,481.0098,545.9061,1.6166,0.65,0.75,1.025,25.62,1.042115e-10
NGC7331,36,1,493.3786,557.2864,2.7357,0.65,0.25,1.0,27.78,1.042115e-10
NGC7793,46,0,11.2474,13.414,0.88,0.65,0.7,0.85,24.81,1.042115e-10
NGC7814,18,1,17.2394,23.4511,2.0691,1.15,0.75,0.85,10.99,1.042115e-10
PGC51017,6,0,173.5693,192.4896,86.4242,0.25,0.7,1.15,53.33,1.042115e-10
UGC00128,22,0,102.4561,173.74,46.1906,0.85,0.7,1.15,11.28,1.042115e-10
UGC00191,9,0,52.5282,78.5686,10.6303,0.75,0.7,1.15,12.63,1.042115e-10
UGC00634,4,0,6.1303,19.1049,1.4651,0.75,0.7,0.875,8.72,1.042115e-10
UGC00731,12,0,11.4531,12.826,9.9934,1.25,0.7,1.15,21.0,1.042115e-10
UGC00891,5,0,46.0034,69.2861,8.5977,0.35,0.7,0.95,21.88,1.042115e-10
UGC01230,11,0,3.7609,4.7372,3.6509,0.75,0.7,1.1,20.64,1.042115e-10
UGC01281,25,0,2.5269,3.3098,0.9206,0.55,0.7,0.9,31.34,1.042115e-10
UGC02023,5,0,5.9942,6.9643,0.7146,0.45,0.7,1.025,40.15,1.042115e-10
UGC02259,8,0,7.5634,5.6163,6.6946,1.05,0.7,0.95,13.74,1.042115e-10
UGC02455,8,0,247.3567,265.2046,11.0316,0.25,0.7,1.15,61.76,1.042115e-10
UGC02487,17,1,5.4452,8.9641,4.652,1.05,1.05,1.15,2.44,1.042115e-10
UGC02885,19,1,18.7136,25.4443,1.1021,0.75,0.95,0.975,13.21,1.042115e-10
UGC02916,43,1,522.3003,571.7723,14.6723,0.95,0.65,0.85,22.43,1.042115e-10
UGC02953,115,1,254.2525,321.4267,7.4958,0.85,0.75,0.875,22.86,1.042115e-10
UGC03205,48,1,71.0046,98.9433,3.8199,0.75,1.05,1.0,12.73,1.042115e-10
UGC03546,30,1,405.1516,497.7653,0.874,0.75,0.65,0.975,26.06,1.042115e-10
UGC03580,47,1,297.7311,342.0822,3.0218,0.65,0.25,0.9,33.76,1.042115e-10
UGC04278,25,0,4.2237,5.3189,2.783,0.75,0.7,0.85,19.51,1.042115e-10
UGC04305,22,0,96.1987,107.4613,30.4737,0.25,0.7,1.15,51.06,1.042115e-10
UGC04325,8,0,8.5007,6.9269,8.1239,1.05,0.7,0.9,15.23,1.042115e-10
UGC04483,8,0,15.5438,19.7764,3.1184,0.25,0.7,1.15,28.5,1.042115e-10
UGC04499,9,0,27.8364,37.0227,2.2029,0.55,0.7,1.1,22.81,1.042115e-10
UGC05005,11,0,5.4412,6.8419,0.3322,0.45,0.7,1.075,29.9,1.042115e-10
UGC05253,73,1,263.2722,300.9782,9.948,0.85,0.75,0.925,17.83,1.042115e-10
UGC05414,6,0,36.1197,45.1447,0.1769,0.45,0.7,1.0,27.02,1.042115e-10
UGC05716,12,0,22.9337,44.3958,10.4476,0.95,0.7,1.15,6.87,1.042115e-10
UGC05721,23,0,5.9017,4.4856,3.0094,1.15,0.7,0.85,18.26,1.042115e-10
UGC05750,11,0,7.2131,8.9435,1.0166,0.45,0.7,1.05,38.3,1.042115e-10
UGC05764,10,0,47.2353,35.5189,9.3596,1.55,0.7,0.85,23.85,1.042115e-10
UGC05829,11,0,4.2685,5.911,1.5042,0.55,0.7,1.125,17.29,1.042115e-10
UGC05918,8,0,2.7465,3.9398,1.0995,0.65,0.7,1.025,13.42,1.042115e-10
UGC05986,15,0,6.563,7.4794,6.8005,0.95,0.7,0.875,11.43,1.042115e-10
UGC05999,5,0,12.3321,16.6341,4.1059,0.55,0.7,1.05,19.94,1.042115e-10
UGC06399,9,0,2.1306,3.7177,0.5098,0.75,0.7,0.875,13.64,1.042115e-10
UGC06446,17,0,1.0172,0.8822,0.793,1.05,0.7,0.975,7.63,1.042115e-10
UGC06614,13,1,34.3243,40.0366,1.271,0.55,0.65,0.95,24.12,1.042115e-10
UGC06628,7,0,26.8507,29.9004,5.729,0.25,0.7,1.125,49.89,1.042115e-10
UGC06667,9,0,18.0446,14.0464,5.6887,1.35,0.7,0.85,30.87,1.042115e-10
UGC06786,45,1,29.0375,25.8371,15.3716,1.05,0.75,0.85,9.68,1.042115e-10
UGC06787,71,1,78.3402,85.2394,26.7926,1.25,0.65,0.95,14.76,1.042115e-10
UGC06818,8,0,21.5172,25.0597,3.3623,0.45,0.7,0.95,34.42,1.042115e-10
UGC06917,11,0,10.0305,14.8262,1.1842,0.75,0.7,0.9,12.71,1.042115e-10
UGC06923,6,0,13.8854,17.3778,1.168,0.55,0.7,0.925,25.41,1.042115e-10
UGC06930,10,0,11.4946,15.589,1.8001,0.65,0.7,1.025,17.65,1.042115e-10
UGC06973,9,1,516.5504,535.1393,19.1849,0.55,0.35,0.85,34.57,1.042115e-10
UGC06983,17,0,1.6805,3.1512,1.2665,0.85,0.7,0.9,9.07,1.042115e-10
UGC07089,12,0,29.1784,34.8016,0.2424,0.45,0.7,1.05,31.48,1.042115e-10
UGC07125,13,0,207.0269,243.0036,50.7925,0.25,0.7,1.15,38.59,1.042115e-10
UGC07151,11,0,29.975,39.472,2.8944,0.75,0.7,1.15,20.0,1.042115e-10
UGC07232,4,0,4.4832,5.3996,3.6663,0.65,0.7,0.95,22.1,1.042115e-10
UGC07261,7,0,4.1751,5.8665,0.7542,0.75,0.7,1.025,14.06,1.042115e-10
UGC07323,10,0,31.0125,37.7533,0.3931,0.55,0.7,0.975,27.92,1.042115e-10
UGC07399,10,0,40.8049,33.4013,5.4708,1.45,0.7,0.85,28.27,1.042115e-10
UGC07524,31,0,15.2904,21.1307,2.7725,0.65,0.7,1.125,17.32,1.042115e-10
UGC07559,7,0,17.6999,20.876,1.8887,0.25,0.7,1.125,39.08,1.042115e-10
UGC07577,9,0,25.0852,27.9119,6.8912,0.25,0.7,1.15,60.38,1.042115e-10
UGC07603,12,0,3.4293,3.6304,3.4886,0.85,0.7,0.85,13.61,1.042115e-10
UGC07608,8,0,0.822,0.5723,1.5803,0.75,0.7,0.875,16.65,1.042115e-10
UGC07690,7,0,9.4382,12.2221,1.8394,0.65,0.7,1.025,19.02,1.042115e-10
UGC07866,7,0,7.8212,9.4731,0.8668,0.35,0.7,1.05,31.35,1.042115e-10
UGC08286,17,0,3.9768,2.4831,2.4753,1.05,0.7,0.95,9.06,1.042115e-10
UGC08490,30,0,0.5606,0.2391,0.3631,0.95,0.7,0.85,3.83,1.042115e-10
UGC08550,11,0,2.3766,4.8208,1.4153,0.85,0.7,0.975,6.74,1.042115e-10
UGC08699,41,1,41.3959,50.6758,1.2286,0.85,0.85,1.05,14.48,1.042115e-10
UGC08837,8,0,70.5791,80.9112,5.3988,0.25,0.7,1.15,45.58,1.042115e-10
UGC09037,22,0,163.8788,184.2855,1.8534,0.45,0.7,1.05,34.47,1.042115e-10
UGC09133,68,1,452.0153,574.6616,19.2031,0.75,0.75,1.15,18.87,1.042115e-10
UGC09992,5,0,11.8965,13.8618,4.0085,0.35,0.7,1.075,36.14,1.042115e-10
UGC10310,7,0,6.8194,9.3019,2.3261,0.65,0.7,1.05,16.04,1.042115e-10
UGC11455,36,0,129.8878,147.1422,4.8012,0.65,0.7,0.85,27.67,1.042115e-10
UGC11557,12,0,49.0705,54.5116,1.4825,0.35,0.7,1.1,53.92,1.042115e-10
UGC11820,10,0,74.4303,109.3097,23.0911,0.55,0.7,1.15,14.53,1.042115e-10
UGC11914,65,1,63.9516,74.4875,4.0046,0.85,0.95,1.1,11.18,1.042115e-10
UGC12506,31,0,2.271,3.0663,2.3544,0.95,0.7,1.025,24.94,1.042115e-10
UGC12632,15,0,12.4604,17.8538,4.6025,0.75,0.7,1.15,13.23,1.042115e-10
UGC12732,16,0,4.4024,8.0306,1.7379,0.85,0.7,1.15,7.77,1.042115e-10
UGCA281,7,0,15.8998,20.382,0.2381,0.55,0.7,1.0,22.06,1.042115e-10
UGCA442,8,0,4.9074,7.3467,4.39,0.45,0.7,0.875,10.38,1.042115e-10
UGCA444,36,0,1.6626,2.3792,0.8948,0.45,0.7,1.15,13.53,1.042115e-10
