# source: Roman-Oliveira F., Rizzo F., Fraternali F. 2024, A&A (arXiv:2403.00904) 'Dynamical modelling and origin of gas turbulence in z~4.5 galaxies'
# extracted: 2026-09-16 from arXiv e-print aanda.tex tables tab:dy_fid, tab:dy_more
# redshifts: see RomanOliveira2023_z4p5_kinematics.csv (same galaxies)
# cosmology: Planck 2018; IMF: Chabrier; masses in Msun (log10); flag held_fixed = italic in paper (fixed in fiducial model)
# pressure_support_corrected: YES (circular speed after asymmetric-drift correction; RC points figure-only, not tabulated)
ID,log_Mstar,log_Mstar_ep,log_Mstar_em,log_Mstar_flag,Reff_star_kpc,Reff_star_kpc_ep,Reff_star_kpc_em,Reff_star_kpc_flag,sersic_n,sersic_n_ep,sersic_n_em,sersic_n_flag,gas_norm,gas_norm_ep,gas_norm_em,gas_norm_flag,log_fbar,log_fbar_ep,log_fbar_em,log_fbar_flag,log_Mgas,log_Mgas_ep,log_Mgas_em,log_Mgas_flag,log_M200,log_M200_ep,log_M200_em,log_M200_flag,f_gas,f_gas_ep,f_gas_em,f_gas_flag,Reff_bar_kpc,f_disc
BRI1335-0417,10.4,0.1,0.1,,2.3,0.5,0.4,,6.9,2.1,2.1,,0.06,0.06,0.04,,-0.728,,,held_fixed,9.8,0.3,0.5,,11.2,,,held_fixed,0.16,0.12,0.12,,2.9,0.69
J081740,10.6,0.2,0.2,,2.4,0.5,0.5,,6.7,2.3,2.4,,1.4,1.2,0.9,,-1.5,0.5,0.7,,10.5,0.3,0.5,,12.3,0.7,0.5,,0.52,0.24,0.24,,2.8,0.63
SGP38326-1,11.0,0.2,0.2,,2.2,0.7,0.6,,6.3,2.5,2.4,,1.9,0.6,0.9,,-1.7,0.7,0.9,,11.3,0.1,0.3,,13.2,0.9,0.7,,0.68,0.17,0.17,,2.8,0.78
SGP38326-2,10.3,0.4,0.6,,1.7,0.4,0.4,,5.3,3.1,2.9,,2.5,1.1,1.4,,-2.2,1.0,1.3,,11.1,0.2,0.3,,13.3,1.3,1.0,,0.87,0.22,0.22,,2.0,0.72
