# Sharma et al. 2021, MNRAS 503, 1753 (doi:10.1093/mnras/stab249; arXiv:2005.00279) released catalogue
# "Flat rotation curves of z~1 star-forming galaxies": 344 KROSS galaxies re-modelled with 3D-Barolo.
# SOURCE: CDS/VizieR J/MNRAS/503/1753 catalog.dat (Records=344), sha256 b91ea011fd98ceacf1b30a18123da2c4a20162d78edbf383fbff37c72b57df45;
#   cross-checked C6 against the authors' Harvard Dataverse file doi:10.7910/DVN/MHRG4O
#   (gsharma_2020_catalog.fits, md5 43037198cef3cc89376984cb76a8dd61, sha256 507c2e0834957950f30d72eb99832d95ac75f31628e412351731448be859c942).
# VIZIER LABEL DEFECT: the CDS ReadMe labels Re, Vout, VPGCout, Sigma, LHa, FHa (and their errors) as log
#   quantities ([kpc], [km/s], ...). The numbers are LINEAR: they equal the Dataverse FITS columns and Re spans
#   0.695-7.73 kpc, matching the abstract's 0.69<=R_e[kpc]<=7.76. Columns here are named as linear.
# CONVENTIONS: no cosmology statement found in the arXiv source; Re, M_H, PA, magnitudes are adopted from
#   Harrison+2017 (H0=70, Om=0.3, OL=0.7, Chabrier). Quality: 1 best, 2 reasonable, 3 discarded by the authors.
# VELOCITY: Vout_kms = 3D-Barolo rotation velocity at R_out = 6.4 R_D, R_D = 0.59 R_e (beam smearing
#   handled in 3D; paper Sec. 3.1 figure caption: R_out = R_2opt = 3.78 R_e); VPGC_out_kms = same after
#   PRESSURE-GRADIENT CORRECTION (paper Sec. 3.2):
#   V_c^PGC = sqrt(V_phi^2 - sigma_R^2 [dln Sigma/dln R + dln sigma_R^2/dln R + (1-alpha)/2]).
#   => R_out_kpc = 3.78*Re_kpc (not a column; compute downstream). Sigma_kms = weighted
#   mean intrinsic dispersion. L_Ha in erg/s (10^-7 W), F_Ha in erg/s/cm^2 (mW/m^2), no extinction correction.
# STELLAR MASS: the paper's LePhare masses (supplied by A. Tiley) are NOT in the released catalogue.
#   T19_* = JOIN to Tiley2019a KROSS rows by KID (167/344 present; SED masses, WMAP9).
#   H17_* = JOIN to Harrison+2017 by KID (344/344; fixed M/L=0.2 H-band mass, H0=70; R_1/2 kpc).
# Built by scripts/highz_tf_samples_build.py on 2026-09-16.
KID,Name,Quality,Flag_PA,RAdeg,DEdeg,z,PA_deg,INC_deg,MH_AB,zmag_AB,Kmag_AB,Re_kpc,Re_err_kpc,Vout_kms,Vout_err_kms,VPGC_out_kms,VPGC_out_err_kms,Sigma_kms,Sigma_err_kms,L_Ha_erg_s,L_Ha_err_erg_s,F_Ha_erg_s_cm2,T19_logMstar_SED,T19_disky_flag,H17_logMstar_fixedML,H17_R12_kpc
6,C-HiZ_z1_112,1,phot,149.92027,2.283297,0.853915,4.305,57.3675,-19.67,23.04167,23.376907,1.430238,0.429071,0.0587,3.489647,111.77036,11.249759,55.74496,3.420185,3.70489e+41,1.85245e+40,6.98248e-17,,,9.05303,1.430238
11,C-HiZ_z1_186,1,phot,150.13445,2.272835,0.844478,12.204,61.8709,-18.85,23.340982,23.670664,1.248902,0.374671,14.25066,4.616799,116.0219,14.509179,54.44206,3.65844,6.34547e+41,3.17274e+40,1.22911e-16,,,8.72503,1.248902
13,C-HiZ_z1_195,2,kin,150.14436,2.241574,0.845449,25.164,41.2412,-21.08,22.290258,22.08252,2.129356,0.638807,68.56189,12.66126,82.85769,12.203491,30.85619,3.463326,3.3767e+41,1.68835e+40,6.52212e-17,,,9.61703,2.129356
17,C-HiZ_z1_231,1,kin,150.22769,2.161029,0.837722,35.248,46.8879,-20.56,22.965548,22.960392,0.928072,0.278422,17.12154,4.874158,138.74026,12.762073,67.90074,4.611618,3.31547e+41,1.65774e+40,6.55036e-17,,,9.40903,0.928072
20,C-HiZ_z1_245,1,kin,150.25717,1.864221,0.833362,-70.826,61.5276,-21.79,21.689499,21.194803,3.495298,1.04859,182.91945,12.49909,186.26261,12.455581,45.94706,2.906838,4.03385e+41,2.01692e+40,8.07273e-17,9.64542,1,9.901031,3.495298
21,C-HiZ_z1_246,2,phot,150.25927,2.324294,0.842185,-37.867,41.9634,-21.12,22.180376,22.017189,2.615322,0.784597,93.18487,13.470085,130.08104,12.29956,36.33641,3.431509,2.27809e+41,1.13905e+40,4.44228e-17,,,9.633031,2.615322
22,C-HiZ_z1_251,3,kin,150.26587,2.336187,0.854378,24.169,36.4007,-21.43,21.921135,21.681347,1.142579,0.342774,8.66009,1.431615,75.80616,10.651571,38.05894,3.329882,2.9264e+41,1.4632e+40,5.50792e-17,,,9.75703,1.142579
25,C-HiZ_z1_258,1,kin,150.27355,1.882704,0.837601,36.356,50.5938,-22.11,21.424732,20.924286,4.604157,1.381247,170.82,25.61565,222.88196,21.097485,66.79379,3.788588,2.79056e+41,1.39528e+40,5.51525e-17,10.1734,1,10.02903,4.604157
28,C-HiZ_z1_267,2,kin,150.29337,1.885821,0.839406,46.9,31.0983,-20.42,22.433565,22.303043,4.431997,1.329599,129.549,20.979155,131.22656,20.780414,14.25841,3.371659,1.52155e+41,7.60775e+39,2.99128e-17,,,9.35303,4.431997
31,C-HiZ_z1_275,2,phot,150.30345,2.288197,0.850856,-73.039,63.7516,-21.83,21.731741,21.458399,2.456358,0.736907,92.31167,8.843949,149.29467,12.806028,47.51428,3.722114,4.76956e+41,2.38478e+40,9.06886e-17,9.65445,0,9.91703,2.456358
32,C-HiZ_z1_277,2,phot,150.30703,2.048213,0.838363,53.088,36.708,-22.11,21.400406,20.956554,4.153598,1.246079,58.277,10.936821,58.61311,10.936994,21.14148,3.490778,1.64306e+41,8.2153e+39,3.24007e-17,,,10.02903,4.153598
34,C-HiZ_z1_285,1,phot,150.31317,1.915621,0.833804,-7.013,71.3147,-21.26,22.494585,21.996712,1.582058,0.474617,49.28178,5.984762,93.30566,9.869223,43.9101,3.472978,2.56394e+41,1.28197e+40,5.12438e-17,9.38095,1,9.68903,1.582058
35,C-HiZ_z1_289,1,phot,150.32364,2.044072,0.842692,32.529,46.2918,-22.17,21.373339,20.916607,3.717569,1.115271,165.65741,3.246133,166.77395,3.253932,33.1224,3.137712,4.04468e+41,2.02234e+40,7.87544e-17,10.0834,1,10.05303,3.717569
39,C-HiZ_z1_297,2,kin,150.33128,2.047009,0.840623,50.834,36.1191,-22.91,21.494648,20.465263,3.708441,1.112532,228.784,24.687245,228.82329,24.683812,75.98684,3.593181,5.23718e+41,2.61859e+40,1.02593e-16,,,10.34903,3.708441
45,C-HiZ_z1_314,2,kin,150.36004,1.937142,0.83488,-60.557,42.376,-22.04,21.402775,20.945553,1.768777,0.530633,149.26064,18.229365,257.13779,14.227685,117.54837,3.544419,9.27196e+41,4.63598e+40,1.84725e-16,,,10.001031,1.768777
46,C-HiZ_z1_317,1,kin,150.36298,1.943823,0.85378,-60.677,68.8397,-22.77,21.248346,20.403522,3.951944,1.185583,150.054,17.837208,290.52305,14.505642,122.2807,3.706072,7.32992e+41,3.66496e+40,1.38198e-16,10.5475,0,10.29303,3.951944
47,C-HiZ_z1_319,2,kin,150.36726,2.056611,0.840024,-40.118,73.8672,-22.37,21.37669,20.720673,7.07452,2.122356,153.376,15.812258,159.90526,15.390298,17.63931,2.311168,1.58956e+41,7.9478e+39,3.11932e-17,10.2656,1,10.133031,7.07452
48,C-HiZ_z1_325,2,phot,150.37474,1.919405,0.837241,-45.676,28.064,-21.14,22.219326,21.841797,0.927528,0.278258,66.66338,10.591636,122.71158,10.962933,40.15734,3.45864,1.81077e+41,9.05384e+39,3.58258e-17,,,9.64103,0.927528
49,C-HiZ_z1_331,2,kin,150.38754,2.056303,0.840369,35.987,36.8922,-22.32,21.228272,20.862274,2.057836,0.617351,72.42786,10.993893,180.64746,10.777844,71.77247,3.401532,6.81677e+41,3.40838e+40,1.33636e-16,,,10.11303,2.057836
50,C-HiZ_z1_334,2,phot,150.39017,1.914446,0.843359,-11.28,39.5106,-21.34,21.582355,21.843517,1.412539,0.423762,1.62094,3.006073,361.09583,11.766886,171.78572,4.593628,1.75899e+42,8.79493e+40,3.41828e-16,,,9.72103,1.412539
51,C-HiZ_z1_340,1,kin,150.40132,1.934495,0.835544,40.982,46.7583,-22.62,21.638872,20.810005,2.22926,0.668778,152.31622,18.658495,186.34512,16.453621,68.85945,2.916686,3.20383e+41,1.60192e+40,6.3705e-17,10.4063,1,10.233031,2.22926
54,C-HiZ_z1_67,2,phot,149.82293,1.982284,0.839779,38.86,74.0586,-20.62,22.551357,22.346558,5.162378,1.548714,137.757,18.537696,171.57588,16.576226,49.58738,3.546011,1.88654e+41,9.43272e+39,3.70478e-17,9.3415,0,9.433031,5.162378
56,C-HiZ_z1_70,3,phot,149.82975,1.994837,0.847649,-77.231,64.5091,-20.06,22.654953,22.50087,1.608324,0.482497,113.62881,11.595892,131.79311,10.835408,34.1445,2.767774,4.75219e+41,2.3761e+40,9.1203e-17,9.20728,0,9.20903,1.608325
61,C-HiZ_z1_85,2,phot,149.86917,1.972209,0.837832,-19.937,41.3643,-20.41,22.577043,22.539581,0.928178,0.278453,123.92348,5.071365,225.62036,12.263872,93.20045,3.923065,5.56676e+41,2.78338e+40,1.09947e-16,,,9.34903,0.928178
63,C-HiZ_z1_90,1,phot,149.88309,2.29249,0.854809,52.955,63.3915,-20.95,22.774786,22.37744,2.561166,0.76835,45.26257,6.007391,48.68067,7.657024,43.66634,3.388449,3.83016e+41,1.91508e+40,7.19997e-17,9.32564,0,9.56503,2.561166
64,C-HiZ_z1_96,1,kin,149.88943,2.252155,0.839504,-30.176,53.1373,-21.29,22.549082,21.907398,0.930048,0.279015,23.10995,3.018342,168.59171,10.961877,73.71607,3.488643,4.09294e+41,2.04647e+40,8.04417e-17,,,9.701031,0.930048
66,C-zcos_z1_1,2,kin,150.30495,1.876348,0.906428,-62.676,38.4492,-20.42,22.590649,22.390318,4.097195,1.229159,215.797,30.633173,237.98426,28.237906,30.65335,3.445376,1.42868e+41,7.1434e+39,2.32405e-17,,,9.35303,4.097195
67,C-zcos_z1_1015,1,phot,149.9464,2.30252,0.888595,-45.938,66.9199,-23.18,21.030415,20.192356,7.291261,2.187378,281.207,38.564689,310.06042,35.267148,78.90044,2.57655,3.0367e+41,1.51835e+40,5.18807e-17,10.5152,1,10.45703,7.291261
68,C-zcos_z1_1021,2,phot,149.92085,2.306885,0.927273,25.985,63.4273,-21.74,21.897629,21.598423,3.687601,1.10628,77.877,8.100087,80.31743,8.277894,39.1385,3.392761,3.48398e+41,1.74199e+40,5.35807e-17,9.65304,0,9.88103,3.687601
71,C-zcos_z1_15,2,phot,150.08535,2.257465,0.924967,-16.322,53.0,-22.4,22.086147,21.266808,5.291031,3.174619,263.815,20.712059,265.79394,20.596099,9.86643,3.275329,2.47157e+41,1.23578e+40,3.82451e-17,9.87652,1,10.14503,5.291031
72,C-zcos_z1_156,2,phot,150.40686,1.952865,0.868009,-52.253,54.0195,-21.62,21.67905,21.520634,2.125523,0.637657,146.46756,22.249911,151.54271,21.965157,27.21407,4.336482,4.46862e+41,2.23431e+40,8.08877e-17,9.59786,0,9.833031,2.125523
74,C-zcos_z1_162,2,kin,150.39053,1.957027,0.96041,-67.718,42.0973,-23.52,20.787327,20.130533,5.175065,1.552519,131.57,17.860988,144.94955,16.927854,52.41875,3.730297,8.24121e+41,4.1206e+40,1.16213e-16,,,10.59303,5.175065
75,C-zcos_z1_166,1,kin,150.34805,1.941696,0.923379,65.069,48.7071,-21.61,21.820513,21.616411,2.766585,0.829975,78.56013,9.61684,100.4574,9.888691,28.29201,3.329747,4.28498e+41,2.14249e+40,6.65878e-17,9.5081,1,9.82903,2.766585
76,C-zcos_z1_172,1,kin,150.33095,1.879751,0.838631,-35.501,53.4287,-20.64,21.844229,22.136932,3.426241,1.027872,35.564,7.196933,101.01316,13.42468,60.09714,3.604953,1.56282e+42,7.81409e+40,3.07941e-16,,,9.44103,3.426241
80,C-zcos_z1_188,3,phot,150.28482,1.9034,0.880163,-20.067,46.2126,-21.13,22.188902,22.022072,2.348307,0.704492,54.40023,8.470332,132.38229,11.391452,72.55399,3.693652,2.67856e+41,1.33928e+40,4.68509e-17,9.36469,0,9.63703,2.348307
81,C-zcos_z1_189,2,phot,150.28094,1.94412,0.937734,8.436,50.4911,-22.46,21.459438,20.950493,4.340548,1.302165,139.404,15.869571,146.03878,15.451493,24.32649,3.280608,7.61974e+41,3.80987e+40,1.13983e-16,9.93555,0,10.16903,4.340549
83,C-zcos_z1_191,2,phot,150.27069,1.930088,0.833064,21.043,49.9821,-20.39,22.450134,22.48191,3.040985,0.912296,17.839,3.35741,50.83573,10.054792,51.92219,3.477099,2.56104e+41,1.28052e+40,5.12978e-17,9.17117,0,9.34103,3.040985
84,C-zcos_z1_192,2,kin,150.26435,1.90013,0.914106,-40.448,33.4048,-22.01,21.452631,21.154665,3.535775,1.060733,126.558,19.150551,128.04267,19.002695,36.35487,4.265617,8.15657e+41,4.07829e+40,1.2995e-16,,,9.98903,3.535775
86,C-zcos_z1_197,2,kin,150.24601,1.854097,0.837416,44.436,40.7686,-21.04,22.052414,21.83078,3.603301,1.08099,62.624,9.519578,73.00738,9.890001,52.2129,3.564605,1.94265e+41,9.71324e+39,3.84153e-17,,,9.601031,3.603301
87,C-zcos_z1_198,1,kin,150.23888,1.908625,0.95913,89.016,68.6254,-22.42,21.714542,21.050941,5.584179,1.675254,102.793,13.113367,102.86979,13.109221,23.89387,3.347879,5.04704e+41,2.52352e+40,7.14058e-17,10.1264,1,10.15303,5.584179
88,C-zcos_z1_2,2,kin,150.30803,1.916526,0.896928,45.412,57.2959,-22.65,21.516413,20.731224,6.193996,1.858199,193.851,30.329405,277.92197,22.926513,106.19587,3.15205,3.03956e+41,1.51978e+40,5.07473e-17,10.2263,0,10.24503,6.193996
89,C-zcos_z1_200,2,phot,150.23447,1.906586,0.955679,65.967,39.6625,-21.15,22.147316,22.016006,3.176221,0.952866,110.039,23.041782,152.28274,18.098139,51.52489,3.630493,5.6752e+41,2.8376e+40,8.10112e-17,,,9.64503,3.176221
90,C-zcos_z1_202,1,phot,150.22238,1.878001,0.840891,20.153,53.2512,-22.73,20.722317,20.322718,3.161079,0.948324,178.29438,11.902902,222.21901,11.269867,79.21567,2.946862,1.7913e+42,8.95649e+40,3.50629e-16,10.0078,1,10.27703,3.161079
92,C-zcos_z1_322,2,phot,150.41056,2.079824,0.961797,60.927,50.6037,-23.27,21.168018,20.422743,2.776572,0.832972,258.34305,18.679137,278.24624,17.467173,79.06197,3.33627,3.39116e+41,1.69558e+40,4.76503e-17,10.6499,1,10.49303,2.776572
101,C-zcos_z1_351,2,phot,150.35927,2.096201,0.812051,12.433,42.6688,-21.16,21.842094,21.633286,2.344277,0.703283,11.44089,2.913235,59.15575,10.807908,39.01377,3.538626,4.75496e+41,2.37748e+40,1.01424e-16,,,9.64903,2.344277
103,C-zcos_z1_354,2,kin,150.34424,1.96613,0.838742,79.7,36.9638,-20.88,22.190371,22.04026,2.053858,0.616158,120.90063,19.578151,165.55306,16.28649,37.23007,4.055409,4.22175e+41,2.11088e+40,8.31593e-17,,,9.53703,2.053858
104,C-zcos_z1_356,2,phot,150.34189,1.983266,0.970478,26.011,27.6291,-22.51,21.275631,20.99149,2.482924,0.744877,61.49413,9.095993,92.86892,9.73989,36.18122,3.292787,1.59201e+42,7.96005e+40,2.18785e-16,,,10.18903,2.482924
106,C-zcos_z1_460,2,phot,149.98173,2.048476,0.896229,45.78,60.7953,-22.6,21.250267,20.708572,5.50943,1.652829,204.591,15.711592,210.66105,15.45051,41.79484,3.481893,3.275e+41,1.6375e+40,5.47834e-17,9.87486,1,10.22503,5.50943
108,C-zcos_z1_462,2,phot,149.96944,2.063131,0.8873,-2.572,43.2505,-21.31,22.058037,21.718552,4.20346,1.261038,130.77,18.425789,141.0682,17.538128,14.59036,3.362131,1.27139e+41,6.35697e+39,2.17995e-17,,,9.70903,4.20346
111,C-zcos_z1_471,2,phot,149.94376,2.114781,0.894797,-49.187,73.0368,-22.8,21.419903,20.59098,5.88852,1.766556,142.934,22.912104,201.23627,17.923926,42.8813,3.486554,2.63307e+41,1.31654e+40,4.42195e-17,,,10.30503,5.88852
112,C-zcos_z1_472,2,phot,149.93803,2.086764,0.886578,62.304,34.6212,-21.68,21.751614,21.434576,3.236356,0.970907,79.66919,8.337079,81.26035,8.345685,23.76201,2.757974,1.96306e+41,9.81529e+39,3.37265e-17,,,9.85703,3.236356
116,C-zcos_z1_478,3,phot,149.91111,2.097864,0.884677,-10.662,52.7598,-22.43,21.372646,20.790583,2.457221,0.737166,92.658,10.833269,95.92475,11.007405,12.20126,3.552072,4.40048e+41,2.20024e+40,7.60041e-17,10.2551,1,10.15703,2.457221
117,C-zcos_z1_481,1,phot,149.90403,2.009161,0.848693,24.784,48.0793,-21.51,21.829258,21.664268,1.516055,0.454816,109.80337,7.813941,154.62118,10.585429,64.93661,3.73996,5.47668e+41,2.73834e+40,1.04789e-16,9.45298,0,9.78903,1.516055
118,C-zcos_z1_482,2,phot,149.90277,2.059139,0.952926,-64.95,54.5622,-22.22,21.447802,21.139364,6.064525,1.819358,239.78,30.66047,239.9079,30.645835,15.02531,3.296468,3.4765e+41,1.73825e+40,4.99806e-17,9.85892,1,10.07303,6.064525
119,C-zcos_z1_484,2,kin,149.8928,2.021861,0.855195,-56.99,42.7269,-23.03,20.800726,20.110155,4.32981,1.298943,287.073,52.542184,338.8448,44.913235,86.59423,3.679231,3.42847e+41,1.71423e+40,6.4377e-17,,,10.39703,4.32981
121,C-zcos_z1_493,2,kin,149.83053,2.029764,0.888067,-74.983,43.9493,-21.07,21.925476,21.84322,4.303485,1.291046,38.471,6.29364,42.24756,7.171142,19.54256,3.321359,6.61338e+41,3.30669e+40,1.13152e-16,,,9.61303,4.303485
122,C-zcos_z1_497,2,phot,149.81511,1.983512,0.96,50.722,34.4437,-22.78,21.218857,20.64582,5.693298,1.70799,189.796,7.516655,191.67027,7.53451,27.79767,2.370029,3.45821e+41,1.7291e+40,4.88174e-17,,,10.29703,5.693298
123,C-zcos_z1_5,3,kin,150.32104,2.08066,0.869109,-65.181,71.2907,-22.29,21.732597,20.98147,3.172548,0.951764,179.309,23.568584,193.47588,22.36466,53.607,3.835605,3.35781e+41,1.67891e+40,6.05913e-17,10.2735,1,10.101031,3.172548
124,C-zcos_z1_593,2,kin,150.34824,2.182325,0.924073,63.452,72.1145,-21.24,21.981184,21.92714,3.775371,1.132611,156.6,13.629043,175.50281,13.181204,30.66258,3.5915,3.73217e+41,1.86608e+40,5.78896e-17,9.44767,1,9.68103,3.775371
140,C-zcos_z1_629,3,kin,150.25171,2.130274,0.875383,60.149,26.8911,-21.77,21.666885,21.365023,3.861821,1.158546,103.599,14.458212,140.79976,13.534663,38.20931,4.324376,2.69556e+41,1.34778e+40,4.77858e-17,,,9.89303,3.861821
144,C-zcos_z1_642,2,kin,150.22596,2.151669,0.917786,24.031,42.3693,-21.98,21.442705,21.309732,3.05037,0.915111,89.7251,14.152734,155.24563,12.775029,62.99865,3.274015,8.6936e+41,4.3468e+40,1.37138e-16,,,9.97703,3.05037
145,C-zcos_z1_644,1,phot,150.22445,2.198691,0.91395,0.275,56.2603,-22.18,21.774189,21.21939,4.329804,1.298941,249.485,32.521962,258.03116,31.614626,60.65203,3.766677,3.99287e+41,1.99643e+40,6.36408e-17,9.84605,1,10.05703,4.329804
146,C-zcos_z1_652,2,phot,150.21607,2.154343,0.916858,41.975,52.8078,-22.05,21.698959,21.281128,3.446753,1.034026,92.564,15.190654,129.59953,13.133894,28.12744,3.960239,2.06734e+41,1.03367e+40,3.26932e-17,10.1672,0,10.00503,3.446754
147,C-zcos_z1_658,2,kin,150.21367,2.186734,0.837323,45.499,44.4141,-21.32,21.843574,21.77575,1.119785,0.335935,201.99378,28.048271,208.01158,27.78215,30.47506,4.925935,1.31388e+42,6.56939e+40,2.59886e-16,,,9.71303,1.119785
148,C-zcos_z1_659,1,phot,150.21274,2.159491,0.981667,26.8,53.9198,-21.92,21.845594,21.533306,3.155627,0.946688,90.421,10.819642,99.11954,10.747558,27.57565,3.380699,3.99693e+41,1.99846e+40,5.33942e-17,9.69515,1,9.95303,3.155627
149,C-zcos_z1_660,2,phot,150.21138,2.144704,0.929461,82.826,65.2058,-22.48,21.51479,20.944439,5.411597,1.623479,131.299,9.825137,132.71555,9.82156,8.2558,2.682363,3.54025e+41,1.77013e+40,5.41301e-17,9.99661,1,10.17703,5.411597
150,C-zcos_z1_670,1,phot,150.20052,2.21833,0.879092,-31.558,57.1958,-22.91,21.060761,20.370846,2.653955,0.796187,190.04087,20.050717,224.94193,18.711302,70.23915,3.884724,9.28508e+41,4.64254e+40,1.62895e-16,10.4495,1,10.34903,2.653955
151,C-zcos_z1_673,2,phot,150.19609,2.144094,0.916525,-63.873,42.5012,-21.32,22.048897,21.851732,5.733666,1.7201,73.116,9.506145,74.50183,9.549295,41.5679,3.369714,2.12844e+41,1.06422e+40,3.36896e-17,,,9.71303,5.733666
152,C-zcos_z1_675,1,phot,150.18657,2.208634,0.891499,-86.092,57.7829,-22.87,21.036602,20.438871,4.441016,1.332305,231.206,26.853643,281.86413,22.915277,115.55894,3.796215,1.08976e+42,5.44878e+40,1.84687e-16,10.3798,1,10.333031,4.441016
154,C-zcos_z1_685,1,phot,150.16783,2.247134,0.867737,-74.553,53.7139,-22.49,21.275526,20.752033,3.475418,1.042625,93.555,5.944531,105.09638,6.934214,60.13438,2.87141,6.68109e+41,3.34054e+40,1.2103e-16,10.114,0,10.18103,3.475418
155,C-zcos_z1_690,2,kin,150.15234,2.21932,0.92516,77.76,51.9893,-22.84,21.307198,20.658312,3.250835,0.975251,198.257,30.494687,226.4682,27.26552,48.83738,4.080838,5.61912e+41,2.80956e+40,8.69055e-17,10.0724,1,10.32103,3.250835
156,C-zcos_z1_692,2,kin,150.15174,2.188685,0.926978,37.644,40.1831,-22.99,20.858078,20.338797,4.165992,1.249798,194.12009,13.058105,196.87421,12.884979,45.70891,2.376671,1.22595e+42,6.12974e+40,1.88688e-16,,,10.38103,4.165992
157,C-zcos_z1_693,1,phot,150.1494,2.196627,0.924618,37.783,56.2794,-21.65,21.896259,21.63314,4.155385,1.246616,187.209,17.523042,188.51545,17.436037,60.25426,2.774123,3.97035e+41,1.98518e+40,6.14945e-17,9.56994,0,9.84503,4.155385
158,C-zcos_z1_695,3,phot,150.14251,2.208278,0.846588,51.201,64.3387,-21.32,21.864597,21.79975,2.344772,0.703432,149.65083,24.787382,158.9052,23.681652,23.22911,3.591483,5.7854e+41,2.8927e+40,1.11375e-16,,,9.71303,2.344772
159,C-zcos_z1_698,2,phot,150.13574,2.199431,0.926691,-65.941,34.3996,-22.59,21.221829,20.757362,3.027432,0.90823,185.14,17.658778,186.83048,17.560487,30.15432,3.614171,4.08559e+41,2.04279e+40,6.29304e-17,,,10.22103,3.027431
160,C-zcos_z1_703,2,phot,150.12229,2.243516,0.803369,-63.605,32.7622,-22.37,21.173796,20.60066,1.819796,0.545939,118.29131,3.693477,149.61146,6.363663,65.39541,3.514937,2.42761e+41,1.2138e+40,5.31691e-17,,,10.133031,1.819796
162,C-zcos_z1_726,2,phot,150.0742,2.216964,0.928241,-35.662,38.8045,-22.33,21.424046,20.97807,2.802337,0.840701,164.59199,19.893529,167.52047,19.606303,12.26934,3.328238,3.52772e+41,1.76386e+40,5.41137e-17,,,10.11703,2.802337
163,C-zcos_z1_790,2,phot,149.91691,2.252199,0.855152,71.189,37.0727,-20.71,22.219242,22.13166,1.336611,0.400983,3.17363,3.671939,63.96191,10.77162,28.65407,3.434871,2.01821e+41,1.00911e+40,3.79011e-17,,,9.46903,1.336611
165,C-zcos_z1_793,3,phot,149.89334,2.220069,0.88504,23.153,52.4458,-21.58,22.036854,21.68878,3.519661,1.055898,192.968,10.948134,194.2747,10.952075,54.00588,3.42204,2.04485e+41,1.02242e+40,3.52825e-17,9.62164,1,9.81703,3.519661
166,C-zcos_z1_796,2,kin,149.88048,2.223129,0.885444,-20.123,32.6847,-21.06,22.101833,21.961369,3.328614,0.998584,79.162,10.612259,80.48014,10.622351,14.98169,3.308038,2.56847e+41,1.28423e+40,4.42673e-17,,,9.60903,3.328614
170,C-zcos_z1_915,3,kin,150.27169,2.327293,0.981557,33.417,38.8294,-21.64,21.876944,21.713121,2.833682,0.850105,189.58587,16.752711,212.34661,16.747998,60.65291,3.996395,6.42629e+41,3.21315e+40,8.58713e-17,,,9.84103,2.833682
171,C-zcos_z1_925,1,phot,150.23446,2.311394,0.91287,57.081,45.5947,-22.49,21.345917,20.889421,3.72964,1.118892,156.926,11.232647,157.35439,11.226995,21.69053,3.614785,6.13292e+41,3.06646e+40,9.80359e-17,9.94171,1,10.18103,3.72964
177,E-zmus_z1_107,2,phot,53.168125,-27.812929,0.961694,-88.537,27.8618,-21.13,23.152277,22.170145,1.422255,0.426676,68.6346,6.088073,82.31062,7.790399,25.8159,3.304125,2.41994e+41,1.20997e+40,3.40124e-17,,,9.63703,1.422255
181,E-zmus_z1_117,2,kin,53.034232,-27.798708,0.841634,-53.852,34.5255,-22.52,21.589216,20.608112,2.957336,0.887201,119.306,17.154411,120.86447,17.049818,24.22989,3.560751,2.65641e+41,1.32821e+40,5.18838e-17,,,10.19303,2.957335
183,E-zmus_z1_119,1,phot,53.034108,-27.797786,0.841298,60.65,61.7587,-23.13,21.390057,19.985844,4.19094,1.257282,167.612,18.050281,193.05879,16.416947,62.78362,3.588882,5.27387e+41,2.63693e+40,1.03108e-16,10.6077,1,10.43703,4.19094
184,E-zmus_z1_12,1,phot,53.169833,-27.918191,0.976393,63.801,51.4432,-24.03,20.915791,19.368332,3.91059,1.173177,294.286,3.372902,339.40183,6.078032,88.84676,4.921225,1.53652e+42,7.6826e+40,2.08012e-16,11.0091,1,10.79703,3.91059
185,E-zmus_z1_120,1,kin,53.023567,-27.796975,0.896989,15.111,61.0252,-21.32,22.614384,21.693123,4.249942,1.274983,0.046,3.303466,23.6167,10.495952,44.5796,3.420357,3.39253e+41,1.69627e+40,5.66309e-17,9.87316,0,9.71303,4.249942
186,E-zmus_z1_122,2,kin,53.176012,-27.796145,0.996927,-82.487,45.499,-23.51,21.153353,19.959925,4.966212,1.489864,73.991,8.936591,76.60479,8.933812,50.4186,2.663243,6.58309e+41,3.29154e+40,8.46518e-17,10.7068,0,10.58903,4.966212
188,E-zmus_z1_125,1,phot,53.090587,-27.790217,0.997853,-88.858,61.6832,-22.29,22.635672,21.174553,2.513202,0.753961,136.06954,13.104629,149.30459,13.135136,27.78902,3.770046,3.94064e+41,1.97032e+40,5.05564e-17,10.3742,1,10.101031,2.513202
189,E-zmus_z1_127,2,phot,53.066133,-27.789635,0.895531,-11.482,51.1905,-22.26,21.61714,20.8149,4.02466,1.207398,123.193,17.828283,180.99065,15.878117,80.32489,3.654708,1.91215e+41,9.56075e+39,3.20475e-17,10.336,1,10.08903,4.02466
201,E-zmus_z1_146,2,phot,53.000561,-27.760439,0.86201,74.633,59.257,-23.33,21.345253,19.78444,3.146733,0.94402,211.346,29.956457,211.43217,29.945851,18.04033,3.491033,4.84888e+41,2.42444e+40,8.92843e-17,10.5914,1,10.51703,3.146733
203,E-zmus_z1_148,2,phot,53.058021,-27.760319,0.840299,-50.768,48.8755,-21.75,22.48064,21.36934,1.468251,0.440475,88.66447,14.284495,185.20532,13.484628,90.62805,4.637294,2.17717e+41,1.08859e+40,4.26899e-17,10.2522,0,9.88503,1.468251
207,E-zmus_z1_153,3,kin,53.028449,-27.763928,0.845105,-39.543,31.0695,-22.4,21.213442,20.620785,1.914335,0.5743,216.31416,10.111578,323.78974,12.25477,118.87756,3.993883,6.4863e+41,3.24315e+40,1.25409e-16,,,10.14503,1.914335
209,E-zmus_z1_159,3,kin,53.063979,-27.751922,0.860699,50.294,33.1325,-21.76,21.92388,21.172377,2.383852,0.715156,149.0132,10.852223,188.67347,11.869926,66.89039,4.323097,2.54237e+41,1.27118e+40,4.69896e-17,,,9.88903,2.383852
210,E-zmus_z1_166,2,kin,53.068737,-27.746926,0.975108,85.398,42.674,-23.2,21.919437,20.440939,2.455914,0.736774,111.00437,18.133778,141.36151,17.304248,30.05623,3.065009,7.76711e+41,3.88356e+40,1.05493e-16,,,10.46503,2.455914
217,E-zmus_z1_176,1,phot,53.016479,-27.73371,0.958846,-50.474,70.7529,-22.03,23.065479,21.512653,3.369191,1.010757,86.403,7.548135,118.82689,10.072903,30.76964,3.991097,7.67036e+41,3.83518e+40,1.086e-16,10.2867,0,9.99703,3.369191
218,E-zmus_z1_181,2,kin,53.021379,-27.730836,0.805583,-45.353,30.3779,-21.26,22.146395,21.630863,0.721321,0.216396,128.26376,4.150474,157.87081,7.326999,49.93315,3.478146,3.79615e+41,1.89808e+40,8.25817e-17,,,9.68903,0.721321
221,E-zmus_z1_189,2,kin,52.992479,-27.719661,0.840016,67.316,39.291,-21.95,21.714993,21.01022,3.157873,0.947362,110.012,22.871516,163.96553,18.316827,47.07045,4.464694,3.06636e+41,1.53318e+40,6.01751e-17,,,9.96503,3.157873
222,E-zmus_z1_190,2,kin,53.059446,-27.715074,0.813878,-52.147,32.5802,-21.4,23.036566,21.858728,1.453903,0.436171,83.12354,13.2773,159.84475,11.957754,46.03498,3.548995,1.66555e+41,8.32776e+39,3.53307e-17,,,9.74503,1.453903
223,E-zmus_z1_191,3,kin,53.187958,-27.715441,1.03882,-8.901,68.9179,-22.13,22.818945,21.134367,4.668615,1.400584,44.302,6.449521,104.7513,12.300244,57.79091,3.52211,3.88014e+41,1.94007e+40,4.50655e-17,,,10.03703,4.668615
225,E-zmus_z1_193,2,phot,53.009249,-27.713472,0.970727,29.312,40.1676,-21.81,22.347811,21.58006,1.69614,0.508842,7.23054,1.043813,34.65313,8.099376,13.8281,3.281515,4.00085e+41,2.00043e+40,5.49477e-17,,,9.90903,1.69614
226,E-zmus_z1_195,2,phot,52.999271,-27.711333,0.821742,34.164,44.5239,-21.98,22.076868,21.00417,2.192493,0.657748,172.09845,17.223709,196.4986,16.080615,29.76199,3.480551,1.49265e+41,7.46327e+39,3.09225e-17,,,9.97703,2.192492
230,E-zmus_z1_207,2,phot,53.011267,-27.700448,0.820058,-32.668,40.1606,-23.18,21.259068,19.913778,4.284553,1.285366,120.643,12.585776,120.8278,12.579144,22.372,2.812251,2.1504e+41,1.0752e+40,4.47742e-17,,,10.45703,4.284553
231,E-zmus_z1_208,1,phot,53.030717,-27.694911,0.861796,50.701,63.5141,-20.44,23.04549,23.005913,1.635211,0.490563,96.33208,17.116387,110.19283,17.020353,24.6203,3.589614,2.93288e+41,1.46644e+40,5.40374e-17,,,9.36103,1.635211
232,E-zmus_z1_21,2,kin,53.202007,-27.90444,0.839076,-79.075,25.1815,-23.27,20.953196,19.719568,3.15477,0.946431,123.75821,16.003925,124.66734,15.928615,28.21948,2.936972,3.45237e+41,1.72618e+40,6.79374e-17,,,10.49303,3.15477
237,E-zmus_z1_219,1,phot,53.13985,-27.658002,0.97692,61.376,61.9708,-23.09,21.913311,20.4964,3.353379,1.006014,184.314,14.260312,189.27883,14.119654,47.33867,3.468245,1.82971e+42,9.14853e+40,2.47373e-16,10.6555,0,10.42103,3.353379
239,E-zmus_z1_23,2,kin,53.071754,-27.902452,0.960907,72.08,28.6435,-22.9,21.995159,20.459074,2.668997,0.800699,56.41648,3.616909,123.72127,10.473138,72.15207,3.412357,3.9022e+41,1.9511e+40,5.49565e-17,,,10.34503,2.668997
240,E-zmus_z1_24,1,phot,53.141867,-27.901838,0.823132,-62.959,73.7042,-22.33,21.974686,20.638346,3.9,1.17,142.974,15.452154,196.56595,13.051975,55.97511,2.949326,3.04205e+41,1.52102e+40,6.27588e-17,10.4415,0,10.11703,3.9
241,E-zmus_z1_27,2,phot,53.210574,-27.899188,0.976142,66.205,70.5163,-21.34,23.021376,22.21169,3.18897,0.956691,80.343,8.308454,81.51618,8.354906,29.50254,3.207102,1.93999e+41,9.69995e+39,2.62801e-17,9.96275,0,9.72103,3.18897
243,E-zmus_z1_34,3,phot,53.131804,-27.893583,0.986005,-80.848,43.4206,-20.74,23.813656,22.691519,1.181859,0.354558,147.17941,18.500932,164.19866,17.319464,27.34686,3.45957,1.79429e+41,8.97145e+39,2.37098e-17,,,9.48103,1.181859
244,E-zmus_z1_35,1,phot,53.280661,-27.894536,0.804665,15.868,51.8441,-23.0,21.423088,19.912725,3.724687,1.117406,255.145,14.913298,256.39595,14.874107,44.01761,2.872387,2.1946e+41,1.0973e+40,4.78754e-17,10.5205,1,10.38503,3.724687
246,E-zmus_z1_39,1,kin,53.146158,-27.891964,0.890221,-29.797,51.1685,-20.53,23.718363,22.754103,1.555475,0.466643,63.94848,9.431089,110.0176,10.575641,43.95056,3.376992,1.76874e+41,8.8437e+39,3.00822e-17,,,9.39703,1.555475
247,E-zmus_z1_41,1,phot,53.232721,-27.891096,0.981888,-75.854,54.954,-23.28,21.277632,20.09065,5.368617,1.610585,193.074,18.448507,248.01425,15.693051,94.39852,3.575638,3.08106e+41,1.54053e+40,4.11364e-17,10.7217,1,10.49703,5.368617
249,E-zmus_z1_49,1,phot,53.213253,-27.88562,0.981514,2.489,64.7709,-22.75,21.876345,20.63884,5.366577,1.609973,94.713,12.475337,163.43033,11.119344,62.03983,2.299132,5.49612e+41,2.74806e+40,7.34498e-17,10.513,1,10.28503,5.366577
250,E-zmus_z1_50,2,phot,53.179196,-27.884523,0.908406,-55.956,52.8314,-20.18,23.134359,22.942944,3.638298,1.09149,27.108,4.151211,31.31509,6.390606,11.72073,3.310381,1.65792e+41,8.2896e+39,2.68248e-17,,,9.25703,3.638298
253,E-zmus_z1_53,1,phot,53.086921,-27.882012,0.832164,15.239,63.3266,-21.14,22.804407,21.763683,2.718613,0.815584,86.22866,9.696715,86.5785,9.715617,15.4324,3.608554,1.85352e+41,9.26762e+39,3.72252e-17,9.89199,0,9.64103,2.718613
254,E-zmus_z1_55,2,phot,53.250457,-27.880857,0.885167,10.972,49.397,-22.18,21.888935,20.793526,3.545217,1.063565,138.481,16.859706,161.80318,15.351804,50.10909,3.547177,2.53876e+41,1.26938e+40,4.3789e-17,10.384,1,10.05703,3.545217
256,E-zmus_z1_58,2,kin,53.229492,-27.87999,0.847671,-50.908,29.8411,-21.94,22.506405,21.183035,1.920142,0.576043,164.06569,14.916359,174.59116,14.468306,29.69785,3.386085,1.1167e+41,5.58348e+39,2.14301e-17,,,9.96103,1.920142
259,E-zmus_z1_65,1,kin,53.093917,-27.872653,0.841964,-75.865,67.6322,-22.09,22.182926,21.30068,3.372192,1.011658,161.199,18.572567,189.12772,17.198212,22.61889,3.478961,4.08942e+41,2.04471e+40,7.97953e-17,10.3253,1,10.02103,3.372192
263,E-zmus_z1_70,2,phot,53.173932,-27.865018,0.858494,65.091,41.5377,-23.21,22.023056,20.978657,2.591769,0.777531,116.74937,17.900782,141.61361,16.507542,43.49794,4.223003,3.02763e+41,1.51381e+40,5.63134e-17,,,10.46903,2.591769
265,E-zmus_z1_73,3,phot,53.121812,-27.862518,0.962754,25.827,47.2234,-21.69,22.641399,21.654984,1.682216,0.504665,12.8703,2.728807,82.56159,8.466599,27.20337,3.229817,4.87134e+41,2.43567e+40,6.82805e-17,10.1937,0,9.86103,1.682215
269,E-zmus_z1_81,3,phot,53.175286,-27.852558,0.963062,-89.171,61.3049,-20.99,22.820419,22.220745,2.907459,0.872238,32.28275,5.512396,35.58707,5.955973,26.00511,3.207772,3.35276e+41,1.67638e+40,4.69578e-17,9.83834,0,9.58103,2.907459
270,E-zmus_z1_83,3,kin,53.0707,-27.850593,0.990444,-46.274,64.436,-22.17,23.388758,21.8328,1.989381,0.596814,178.35781,28.553503,213.12524,25.014707,56.99047,3.892158,9.40122e+41,4.70061e+40,1.22856e-16,10.4717,1,10.05303,1.989381
273,E-zmus_z1_86,2,phot,53.104962,-27.84996,0.840728,-17.587,43.963,-21.48,21.81358,21.352346,2.117466,0.63524,89.05096,10.224992,118.25372,10.326446,50.82231,3.462914,9.79325e+41,4.89662e+40,1.91785e-16,,,9.77703,2.117466
275,E-zmus_z1_90,3,phot,53.240124,-27.844937,0.964274,-15.144,46.5286,-21.89,22.454918,21.5931,1.507192,0.452158,29.11505,5.777776,124.46697,12.547016,59.29537,3.624285,5.0934e+41,2.5467e+40,7.11154e-17,,,9.94103,1.507192
279,E-zmus_z1_97,1,kin,53.239762,-27.830157,0.977332,32.096,49.9929,-22.47,21.640751,20.957441,2.821512,0.846454,156.58087,14.525622,212.17687,14.406896,92.11244,4.497302,1.76247e+42,8.81235e+40,2.38035e-16,10.3645,0,10.17303,2.821512
280,E-zmvvd_z1_104,2,kin,53.191725,-27.753559,0.837849,-42.595,48.4785,-21.12,22.693163,21.857769,1.239097,0.371729,35.72417,2.879472,138.10926,10.790157,64.64804,3.436178,2.33768e+41,1.16884e+40,4.61682e-17,,,9.633031,1.239097
283,E-zmvvd_z1_12,2,phot,53.115967,-27.950188,0.80549,-81.899,68.9255,-20.91,23.13452,22.469328,1.706551,0.511965,34.07547,6.506473,42.69472,10.226045,11.95136,4.175803,1.18307e+41,5.91536e+39,2.57439e-17,,,9.54903,1.706551
285,E-zmvvd_z1_14,1,phot,53.1238,-27.945738,0.804401,7.996,56.334,-20.43,22.756826,22.472847,3.810807,1.143242,9.376,3.381385,45.59481,10.503933,18.0295,3.453612,1.26422e+41,6.3211e+39,2.76014e-17,9.4269,0,9.35703,3.810807
286,E-zmvvd_z1_140,2,kin,53.191708,-27.676604,0.976906,42.358,65.5343,-20.82,22.940907,22.545254,1.41706,0.425118,36.94262,6.243058,93.55749,10.038251,51.80258,3.530487,4.21196e+41,2.10598e+40,5.6947e-17,,,9.51303,1.41706
287,E-zmvvd_z1_141,2,phot,53.208233,-27.676117,0.971498,77.439,66.6488,-22.96,21.998865,20.53597,5.024217,1.507265,51.373,8.099009,72.9749,9.313877,21.21547,3.333401,2.97661e+41,1.4883e+40,4.08006e-17,10.6619,1,10.36903,5.024217
288,E-zmvvd_z1_144,1,phot,53.010708,-27.667939,0.822003,1.295,52.7614,-20.29,23.374729,23.081741,0.716512,0.214954,8.15604,1.38272,84.21131,11.127635,43.81915,3.511378,4.93237e+41,2.46618e+40,1.02101e-16,,,9.301031,0.716512
292,E-zmvvd_z1_160,2,kin,53.166946,-27.635718,0.966156,67.332,46.3741,-23.73,21.367199,19.433603,5.101412,1.530424,167.297,28.846421,172.65771,28.117768,39.31378,3.614025,7.58191e+41,3.79096e+40,1.05352e-16,10.7926,1,10.67703,5.101412
293,E-zmvvd_z1_163,1,kin,53.008675,-27.630831,0.804336,-15.267,62.5586,-20.08,22.962086,22.654114,2.497831,0.749349,4.82873,3.321232,77.36939,12.470095,52.68554,3.756543,2.32128e+41,1.16064e+40,5.06901e-17,9.36047,0,9.21703,2.497831
296,E-zmvvd_z1_18,2,kin,53.133208,-27.931497,0.840689,-39.843,70.232,-21.24,22.443829,21.748985,3.160834,0.94825,71.217,14.304063,158.05838,13.116791,65.63924,4.110053,2.67456e+41,1.33728e+40,5.23828e-17,9.92968,0,9.68103,3.160834
298,E-zmvvd_z1_19,1,phot,53.144054,-27.928761,0.98266,49.46,65.815,-22.54,21.79089,21.096651,4.895118,1.468535,116.265,15.989393,116.9945,15.929633,39.78378,3.352068,2.69249e+41,1.34624e+40,3.58786e-17,10.2484,0,10.201031,4.895118
301,E-zmvvd_z1_24,2,phot,53.115583,-27.914372,0.964414,-9.423,50.9513,-22.33,22.034283,20.929985,2.911533,0.87346,154.32057,18.606106,201.49355,16.199076,46.2168,3.54136,3.62389e+41,1.81194e+40,5.05795e-17,10.4049,1,10.11703,2.911533
308,E-zmvvd_z1_52,3,phot,53.131287,-27.878137,0.980315,21.568,60.4225,-22.28,22.533138,21.554174,3.202613,0.960784,162.892,13.98085,192.76114,12.981017,54.74535,3.701061,4.79348e+41,2.39674e+40,6.42537e-17,10.2273,0,10.09703,3.202613
311,E-zmvvd_z1_57,2,phot,52.977104,-27.869745,0.863712,34.67,36.1721,-21.76,20.904819,21.730871,3.434882,1.030465,28.314,5.165415,30.88113,8.059394,24.14794,3.952702,1.89405e+41,9.47026e+39,3.47068e-17,,,9.88903,3.434882
312,E-zmvvd_z1_58,1,phot,53.019642,-27.869136,0.834729,39.888,53.5997,-21.78,22.333649,21.369915,1.210812,0.363244,71.27381,3.394898,113.532,8.961798,45.55453,3.574697,5.24995e+41,2.62498e+40,1.04641e-16,10.1854,1,9.89703,1.210812
314,E-zmvvd_z1_64,2,phot,53.095137,-27.85678,0.904534,20.995,44.9422,-22.41,21.791916,20.804052,3.622799,1.08684,165.70134,19.467477,187.08482,17.814081,43.49114,2.818341,4.35869e+41,2.17935e+40,7.12702e-17,,,10.14903,3.622799
316,E-zmvvd_z1_67,3,phot,53.016221,-27.851916,0.990851,57.14,65.975,-22.88,22.112148,21.366632,5.124263,1.537279,153.062,8.028022,168.86514,8.016283,31.80322,2.205477,5.09927e+41,2.54964e+40,6.65701e-17,10.4324,1,10.33703,5.124263
317,E-zmvvd_z1_73,1,kin,53.266133,-27.840513,0.890048,-16.17,62.6021,-23.85,20.715221,19.253534,4.602949,1.380885,154.614,26.904926,215.03019,24.362991,138.08069,4.492075,9.81643e+41,4.90821e+40,1.67034e-16,10.984,0,10.72503,4.602949
318,E-zmvvd_z1_77,2,kin,53.261365,-27.835241,0.837462,-38.509,25.1492,-23.06,21.169832,19.897333,3.148276,0.944483,154.345,27.354426,202.18408,22.026417,88.61378,3.668083,3.73171e+41,1.86586e+40,7.37837e-17,,,10.40903,3.148276
319,E-zmvvd_z1_83,1,kin,53.193838,-27.81295,0.832685,-37.308,64.2409,-20.23,22.857952,22.873417,1.454946,0.436484,56.03815,8.187023,138.43365,11.638569,48.38322,3.742053,3.12982e+41,1.56491e+40,6.27608e-17,,,9.27703,1.454947
322,S-CFHIZELS-SM14-101338,2,kin,333.51363,0.935492,0.811226,30.228,39.5406,-22.86,21.481501,20.2827,1.061482,0.489319,179.418,24.225008,191.96048,23.353638,32.69174,3.066617,6.02302e+41,3.01151e+40,1.28794e-16,,,10.32903,1.061482
323,S-CFHIZELS-SM14-104965,1,phot,335.1313,1.146348,0.807194,55.349,49.8116,-22.3,21.955,20.8033,2.949246,1.359535,171.11015,13.053022,204.71259,12.543115,49.56474,2.66614,2.14903e+41,1.07451e+40,4.65208e-17,10.0153,1,10.10503,2.949246
324,S-CFHIZELS-SM14-107086,1,phot,333.55331,0.899878,0.806316,36.497,63.5079,-22.94,21.6896,20.2491,3.730886,1.719853,186.55717,2.980801,187.45973,3.066046,35.81047,2.422866,1.26098e+41,6.30489e+39,2.73701e-17,10.4082,1,10.36103,3.730886
325,S-CFHIZELS-SM14-108670,2,phot,335.13126,1.135602,0.809225,27.96,55.8228,-22.86,22.5383,20.4408,1.058938,0.488146,224.31836,36.676418,238.92076,35.777805,70.8745,4.512268,2.18501e+41,1.09251e+40,4.70083e-17,10.806,1,10.32903,1.058938
327,S-CFHIZELS-SM14-111852,2,phot,335.12291,0.945789,0.808622,-27.012,38.9912,-22.2,22.013901,20.9559,1.058068,0.487745,127.36971,13.923228,146.06175,13.189863,28.67083,2.832336,2.12056e+41,1.06028e+40,4.57054e-17,,,10.06503,1.058068
328,S-CFHIZELS-SM14-117442,2,kin,335.12713,1.127684,0.807887,-77.581,25.8287,-22.08,21.885901,20.9997,2.093271,0.96495,185.14243,26.904387,185.20879,26.903371,26.4586,2.330603,1.71353e+41,8.56767e+39,3.70153e-17,,,10.01703,2.093271
330,S-CFHIZELS-SM14-118544,1,phot,333.51863,0.957464,0.80472,4.326,61.8613,-21.76,22.1999,21.381,2.940149,1.355342,87.93564,9.396961,142.35582,10.629301,65.82476,2.883285,2.79344e+41,1.39672e+40,6.09292e-17,9.73332,0,9.88903,2.940149
331,S-CFHIZELS-SM14-138499,1,phot,332.88903,1.232481,0.821987,20.433,59.5381,-22.12,21.678801,20.9899,2.129761,0.981771,122.71281,20.959627,172.28639,18.804692,87.84415,5.492757,8.47877e+41,4.23939e+40,1.75521e-16,9.9807,0,10.033031,2.129761
332,S-CFHIZELS-SM14-139428,2,kin,335.11633,1.094168,0.807658,-20.407,72.9889,-21.02,22.422199,21.9634,3.737194,1.722761,233.184,22.868142,237.03907,22.603194,22.2119,4.686826,3.03829e+41,1.51915e+40,6.56782e-17,,,9.59303,3.737194
333,S-CFHIZELS-SM14-145965,1,phot,332.96254,1.370685,0.819212,44.201,60.8642,-22.12,22.360599,21.1128,4.782509,2.869506,193.629,10.797006,200.52077,10.719789,66.83066,2.911582,3.34384e+41,1.67192e+40,6.98004e-17,9.91753,1,10.033031,4.782509
334,S-CFHIZELS-SM14-148830,2,phot,333.51922,0.945514,0.813597,-66.738,41.8173,-22.25,22.2283,20.8904,2.108009,0.971744,179.36977,17.182847,195.62711,16.126125,63.0089,2.364528,3.78369e+41,1.89184e+40,8.03299e-17,,,10.08503,2.108009
335,S-CFHIZELS-SM14-157062,1,kin,334.70839,0.943408,0.816637,-65.907,52.1902,-21.92,22.479401,21.2137,1.068473,0.492542,49.29996,8.15843,156.13894,11.270258,74.64345,3.477199,2.485e+41,1.2425e+40,5.22761e-17,10.0941,0,9.95303,1.068473
336,S-CFHIZELS-SM14-159913,1,kin,333.01063,1.436126,0.817644,53.802,53.0,-20.58,22.841299,22.4617,2.949965,1.769979,138.7065,12.838522,148.95483,12.35613,28.662,2.746811,3.4247e+41,1.71235e+40,7.1826e-17,,,9.41703,2.949965
337,S-CFHIZELS-SM14-164290,2,phot,332.985,1.401617,0.816476,62.798,36.7646,-22.02,22.817699,21.1738,2.779015,0.0,46.601,7.081548,59.81252,9.055437,44.93863,3.675645,2.69835e+41,1.34918e+40,5.67919e-17,,,9.99303,2.779016
338,S-CFHIZELS-SM14-172833,2,phot,334.64522,1.216003,0.804707,-55.578,54.7054,-21.34,23.1378,21.805,5.205981,3.123589,264.129,29.708844,265.42824,29.582356,54.09145,4.402833,1.01441e+41,5.07206e+39,2.21267e-17,9.82837,0,9.72103,5.205981
341,S-CFHIZELS-SM14-195038,2,phot,335.18977,1.001649,0.80922,-47.352,64.1069,-21.24,22.6935,21.8339,1.058897,0.488127,155.79174,15.426241,160.45474,15.289152,22.90966,2.921716,1.0393e+41,5.19651e+39,2.23598e-17,9.84891,0,9.68103,1.058897
342,S-CFHIZELS-SM14-195697,2,kin,335.18564,1.226966,0.810596,-34.537,53.0,-19.01,23.292,23.5799,2.759003,0.0,4.7412,0.54136,140.97773,11.099507,59.86045,3.525291,3.21016e+41,1.60508e+40,6.87762e-17,8.91496,0,8.78903,2.759003
343,S-CFHIZELS-SM14-198686,1,phot,333.49718,0.963597,0.808251,-39.127,53.0,-21.17,22.6966,21.9418,2.357965,1.414779,65.86795,10.216747,119.42496,11.135341,59.99089,3.508665,2.75525e+41,1.37762e+40,5.94522e-17,,,9.65303,2.357965
344,S-CFHIZELS-SM14-207798,2,kin,335.17161,1.186396,0.806174,50.91,53.0,-21.1,22.847,21.9388,2.743953,0.0,31.28541,5.24707,81.03805,10.221454,60.69781,3.518405,1.06037e+41,5.30185e+39,2.30257e-17,9.75893,0,9.62503,2.743953
345,S-CFHIZELS-SM14-216212,2,kin,335.11587,0.976976,0.811674,-45.366,53.0,-20.34,22.7274,22.6525,2.762672,0.0,28.35349,4.021847,36.89105,6.822901,21.10742,3.607403,1.97948e+41,9.89741e+39,4.22711e-17,9.2906,0,9.32103,2.762672
346,S-CFHIZELS-SM14-228100,1,kin,334.95741,1.134019,0.816892,38.133,53.0,-20.26,23.2015,22.756,2.138142,1.282885,47.73872,7.517399,67.68107,9.67821,39.36317,3.200029,3.25372e+41,1.62686e+40,6.83947e-17,9.15541,0,9.28903,2.138142
354,S-CFHIZELS-SM14-280028,2,kin,334.69891,0.910421,0.759135,-47.329,53.0,-19.33,23.604299,23.3506,2.583847,0.0,51.53307,7.318689,65.59557,9.599368,58.5825,4.257954,1.2037e+41,6.01852e+39,3.02999e-17,,,8.91703,2.583847
357,S-CFHIZELS-SM14-83087,2,phot,335.09956,1.069603,0.771997,23.49,32.8173,-23.03,21.105101,20.0489,0.695197,0.417118,13.08258,1.664109,86.87476,8.658723,56.62722,2.035154,5.26677e+41,2.63339e+40,1.27218e-16,,,10.39703,0.695197
358,S-CFHIZELS-SM14-85179,2,phot,333.03586,1.417222,0.815392,-4.053,34.4712,-22.43,21.726299,20.656,1.066775,0.491759,163.50649,12.907331,215.21576,11.613943,46.40697,1.932785,4.70916e+41,2.35458e+40,9.94378e-17,,,10.15703,1.066775
359,S-CFHIZELS-SM14-85797,2,phot,335.10286,1.107214,0.818791,51.78,42.9276,-23.4,22.195499,19.815199,1.071446,0.493912,180.20505,19.163062,182.68346,19.009315,39.556,1.935857,4.22369e+41,2.11184e+40,8.8278e-17,,,10.54503,1.071446
363,S-CFHT-NBJ-2048,1,phot,334.96529,0.350249,0.815117,-26.212,53.0,-19.87,23.2148,22.8999,2.608443,1.565066,45.81424,5.097161,62.82533,6.741998,18.45019,3.454618,1.55676e+41,7.78382e+39,3.28996e-17,,,9.13303,2.608443
364,S-CFHT-NBJ-956,2,phot,334.8627,0.395123,0.808737,-76.241,64.3963,-21.68,22.592199,21.4339,3.742065,1.725007,145.03883,10.215062,157.82123,9.959347,28.53135,1.837733,1.24428e+41,6.22139e+39,2.68091e-17,9.87909,0,9.85703,3.742065
366,S-NBJ-CFHT-1709,2,kin,334.88299,0.603215,0.813075,64.275,68.8783,-21.96,22.9568,21.268,2.106485,0.971042,51.95542,7.339827,61.4613,7.831081,36.55878,2.828518,1.86268e+41,9.3134e+39,3.96084e-17,,,9.96903,2.106485
367,S-NBJ-CFHT-1713,2,phot,334.83893,0.61186,0.761876,-65.27,69.3175,-22.07,22.4765,21.1041,2.783409,1.283088,123.202,14.62405,191.56191,12.232493,40.72047,3.259288,1.46852e+41,7.3426e+39,3.66403e-17,10.0136,0,10.01303,2.783409
370,S-NBJ-CFHT-1733,3,kin,334.93153,0.639484,0.77233,53.577,56.7924,-20.82,22.8808,22.192,4.338406,2.603043,1.108,3.80777,140.33982,12.106738,81.58572,3.885869,3.40957e+41,1.70478e+40,8.22703e-17,9.53542,0,9.51303,4.338406
371,S-NBJ-CFHT-1739,2,phot,334.92612,0.642104,0.803849,-8.137,40.6104,-23.12,21.4776,20.0707,2.082567,0.960016,208.82608,14.540277,228.02894,13.922734,25.5409,2.35305,4.26799e+41,2.134e+40,9.33396e-17,,,10.433031,2.082567
373,S-NBJ-CFHT-1745,1,phot,334.87294,0.647797,0.817217,-86.204,49.8617,-21.28,22.7701,21.792,2.117166,0.975965,194.08269,1.439875,265.62013,7.121945,68.17863,2.450548,3.32896e+41,1.66448e+40,6.9908e-17,9.75785,1,9.69703,2.117166
374,S-NBJ-CFHT-1759,2,kin,334.92257,0.657046,0.803154,-115.079,27.0985,-22.88,21.5647,20.2783,3.130224,1.878135,335.77255,28.992189,338.90395,28.790591,32.19757,2.970095,7.73602e+41,3.86801e+40,1.69545e-16,,,10.33703,3.130224
375,S-NBJ-CFHT-1770,1,phot,334.86527,0.67064,0.772521,-84.672,62.195,-21.38,22.209,21.6975,2.001345,0.922574,93.78486,13.720971,147.06332,11.978203,51.04535,2.917529,3.59784e+41,1.79892e+40,8.67605e-17,9.56878,0,9.73703,2.001345
376,S-NBJ-CFHT-1774,1,phot,334.87746,0.675422,0.81218,-48.576,53.0,-21.46,22.984699,21.6943,2.764396,0.0,87.52202,11.04366,109.58202,11.512333,16.41457,3.507167,4.22209e+41,2.11104e+40,9.00227e-17,9.90061,0,9.76903,2.764395
377,S-NBJ-CFHT-1787,1,phot,334.9134,0.68911,0.813093,75.26,66.0975,-22.69,22.2397,20.5271,3.762009,1.734201,177.58877,15.736085,178.94273,15.675922,30.28341,1.838644,2.88616e+41,1.44308e+40,6.13684e-17,10.4363,1,10.26103,3.762009
379,S-NBJ-CFHT-1790,1,kin,334.85286,0.690581,0.811832,-38.546,53.0,-21.14,23.1549,21.9666,2.248818,1.349291,22.076,3.30926,26.0691,6.472923,25.43412,3.733049,2.05779e+41,1.0289e+40,4.39223e-17,9.63988,0,9.64103,2.248818
380,S-NBJ-CFHT-1793,2,kin,334.87748,0.693089,0.81557,-48.726,74.2958,-21.72,22.5434,21.3285,4.528201,2.087398,93.054,12.99847,166.43299,11.927068,45.80439,3.76361,2.46657e+41,1.23329e+40,5.20557e-17,,,9.87303,4.528201
381,S-NBJ-CFHT-1795,2,kin,334.88518,0.695089,0.808946,-31.742,34.3139,-21.4,22.7246,21.5025,7.21296,4.327776,93.299,12.771676,104.33583,12.233962,36.7275,2.845797,2.11337e+41,1.05669e+40,4.55056e-17,,,9.74503,7.21296
385,S-NBJ-CFHT-C343,2,phot,334.95274,0.357901,0.809068,12.795,67.8153,-22.11,22.0591,20.8519,2.096271,0.966333,151.58936,10.10233,164.35436,9.797699,44.07807,1.634927,1.34424e+41,6.72122e+39,2.89339e-17,10.0959,1,10.02903,2.096272
387,S-zvipe_z1_1055,2,kin,334.66894,0.986902,0.968142,35.275,42.7721,-21.67,21.7267,21.4411,2.485458,1.491275,108.45102,7.931717,147.77306,10.016341,44.35371,3.37725,6.4644e+41,3.2322e+40,8.93691e-17,,,9.85303,2.485458
388,S-zvipe_z1_1056,1,phot,334.67145,0.898733,0.840076,-69.193,69.0721,-22.72,21.8971,20.5791,3.069211,1.414837,154.863,16.056634,158.30311,15.890673,57.58519,3.644235,2.83847e+41,1.41924e+40,5.56932e-17,10.4721,0,10.27303,3.069211
389,S-zvipe_z1_1058,2,kin,334.67752,0.959138,0.836124,35.733,35.7546,-22.67,21.1749,20.2658,1.093998,0.504308,125.73814,10.789933,164.86364,11.078679,34.04683,2.780467,4.39725e+41,2.19862e+40,8.72855e-17,,,10.25303,1.093998
393,S-zvipe_z1_1064,2,phot,334.70233,0.970463,0.800439,-13.596,45.1106,-21.92,22.013,20.9313,1.047302,0.482782,209.65579,24.660193,221.51623,23.888717,30.07728,3.885392,1.89157e+41,9.45785e+39,4.18028e-17,10.0096,1,9.95303,1.047302
394,S-zvipe_z1_1065,1,phot,334.70397,0.949212,0.817341,-8.512,53.1732,-20.64,22.573999,22.3466,1.069401,0.492969,0.73988,3.482824,106.39064,10.931997,78.98707,3.626631,4.87709e+41,2.43855e+40,1.0238e-16,,,9.44103,1.069401
395,S-zvipe_z1_1066,1,kin,334.70577,0.952105,0.97406,-2.324,48.5296,-22.37,22.0284,20.8925,1.274451,0.587493,180.5456,4.815753,288.0046,11.228177,70.71895,2.810706,6.78086e+41,3.39043e+40,9.23429e-17,10.1238,1,10.133031,1.274451
397,S-zvipe_z1_1069,1,phot,334.71061,0.986036,0.81507,20.59,52.8087,-22.8,21.930599,20.4434,2.111762,0.973474,177.34414,15.608318,181.46291,15.344701,36.0659,1.777289,2.453e+41,1.2265e+40,5.18474e-17,10.5316,1,10.30503,2.111762
398,S-zvipe_z1_1070,2,kin,334.72034,0.945933,0.79953,59.342,33.51,-21.61,21.858601,21.1957,5.798157,3.478895,245.818,29.622496,246.99198,29.502485,60.08305,3.611219,2.47767e+41,1.23884e+40,5.49086e-17,,,9.82903,5.798157
407,S-zvipe_z1_1168,2,kin,335.2039,0.928203,0.899176,-34.6,53.0,-19.85,22.007799,-22.0,2.29,1.374,41.4352,4.163982,99.49448,9.4881,20.4104,2.378518,1.21517e+41,6.07584e+39,2.0163e-17,,,9.12503,2.29
409,S-zvipe_z1_1172,2,phot,335.21771,0.942796,0.808351,-75.782,37.6458,-22.1,22.049999,21.041939,3.740337,1.72421,79.682,10.360887,101.68307,10.158068,35.33946,3.00129,2.0313e+41,1.01565e+40,4.38178e-17,,,10.02503,3.740337
411,S-zvipe_z1_1282,2,phot,334.96487,1.147569,0.815467,16.605,43.4142,-22.75,21.7488,20.4834,2.729064,1.637439,245.84027,26.919502,256.66718,25.959649,62.35889,3.420275,1.76442e+41,8.82209e+39,3.72486e-17,,,10.28503,2.729064
414,S-zvipe_z1_1304,2,kin,334.93916,1.154911,0.973408,34.327,32.5917,-23.23,21.107201,20.3455,1.273704,0.587148,71.54354,7.170568,125.70821,7.659055,39.79343,1.916461,1.00166e+42,5.00832e+40,1.36634e-16,,,10.47703,1.273704
415,S-zvipe_z1_1306,2,kin,334.93518,1.129509,0.821405,-63.42,53.9641,-21.66,21.769199,21.2096,3.001097,1.383437,39.73617,3.528657,43.78805,4.899118,28.52595,2.31534,1.02645e+41,5.13226e+39,2.1286e-17,10.0213,1,9.84903,3.001097
416,S-zvipe_z1_1314,2,kin,335.11229,1.092589,0.818408,41.837,39.6033,-22.19,21.7619,20.519455,1.399084,0.83945,23.82398,3.794711,146.6445,9.251488,93.42223,2.734233,5.35268e+41,2.67634e+40,1.12004e-16,,,10.06103,1.399084
417,S-zvipe_z1_1315,1,kin,335.10508,1.154875,0.819721,67.172,65.9904,-22.26,21.0984,20.551044,2.99501,1.380631,187.4578,16.080231,196.18286,15.801945,36.53529,3.161508,2.34506e+41,1.17253e+40,4.88766e-17,10.1848,1,10.08903,2.99501
419,S-zvipe_z1_1318,2,kin,335.09328,1.103287,0.924631,34.892,49.1221,-22.39,21.8915,20.95354,3.14714,0.0,114.342,1.181061,144.12874,7.70521,59.94112,3.520532,2.31571e+41,1.15786e+40,3.58655e-17,,,10.14103,3.147141
420,S-zvipe_z1_1320,2,kin,335.07601,1.129207,0.924575,-38.458,53.0,-22.46,21.485399,20.902164,6.169944,3.701967,97.345,12.381832,99.94309,12.295568,27.28183,3.288516,2.75551e+41,1.37775e+40,4.26834e-17,9.99381,0,10.16903,6.169944
421,S-zvipe_z1_1322,2,kin,335.07024,1.108054,0.84101,54.137,27.7586,-22.86,20.8216,20.076002,2.594712,1.556827,42.97135,5.714545,57.07488,7.487951,20.25979,2.316864,3.58515e+41,1.79257e+40,7.01513e-17,,,10.32903,2.594712
424,S-zvipe_z1_1500,3,phot,335.13548,1.119646,0.861705,-35.514,30.1493,-22.68,21.6259,20.453661,3.330609,1.998365,207.80644,24.060799,223.18474,22.973137,49.81727,2.822936,2.0827e+41,1.04135e+40,3.8383e-17,,,10.25703,3.330609
425,S-zvipe_z1_1529,2,kin,332.97891,1.40825,0.821539,60.887,45.9257,-23.23,22.0007,20.108706,1.651735,0.991041,41.95002,6.773958,81.12872,11.260446,40.84866,3.461735,2.58285e+41,1.29143e+40,5.35401e-17,10.4606,0,10.47703,1.651735
426,S-zvipe_z1_1530,1,phot,332.98464,1.34165,0.818541,-47.952,52.0453,-22.09,22.327999,21.094099,2.990567,1.378583,42.29283,4.164187,46.18564,5.244449,29.52428,2.344712,2.59932e+41,1.29966e+40,5.43685e-17,,,10.02103,2.990567
427,S-zvipe_z1_1531,2,phot,332.98926,1.370989,0.927872,50.029,44.9947,-24.46,22.431299,19.286499,1.214008,0.55963,99.5256,10.399106,133.79663,11.402237,53.26138,3.84581,8.95131e+41,4.47566e+40,1.37444e-16,,,10.96903,1.214008
428,S-zvipe_z1_1532,2,kin,332.99358,1.450671,0.862062,-42.736,53.0,-21.46,22.3395,21.722803,2.934177,0.0,80.25206,6.562029,133.68019,8.705015,25.10659,2.782937,3.36921e+41,1.68461e+40,6.20294e-17,9.48053,0,9.76903,2.934177
431,S-zvipe_z1_1538,1,phot,333.00058,1.412536,0.855393,52.974,53.0,-21.77,21.3102,21.389473,2.829794,1.697876,153.94676,16.414678,157.51246,16.141985,14.13145,2.304694,2.01184e+41,1.00592e+40,3.77552e-17,,,9.89303,2.829793
433,S-zvipe_z1_1540,2,phot,333.01173,1.393974,0.853701,-23.544,59.7563,-21.84,22.393801,21.402512,2.211795,1.019587,158.33504,13.379096,199.46051,13.578555,47.56952,4.022936,2.21932e+41,1.10966e+40,4.18527e-17,9.57441,0,9.92103,2.211795
435,S-zvipe_z1_1542,1,kin,333.02116,1.432605,0.815544,67.804,56.9149,-23.55,21.412201,19.766356,2.112905,0.974001,139.04214,23.45537,185.80191,18.997482,65.08118,3.442188,5.54393e+41,2.77196e+40,1.17011e-16,10.7168,0,10.60503,2.112905
436,S-zvipe_z1_1543,2,kin,333.02568,1.376925,0.842992,-20.102,40.7967,-23.28,21.2987,19.948994,2.184055,1.0068,76.57811,12.651244,162.42338,10.596457,88.33004,2.710093,5.77243e+41,2.88622e+40,1.12297e-16,,,10.49703,2.184055
439,S-zvipe_z1_1571,2,kin,332.94008,1.268842,0.844863,24.626,35.6683,-23.93,20.8344,19.363506,1.105485,0.509603,149.00611,18.112925,175.09577,17.190208,56.51032,2.616495,1.0017e+42,5.00849e+40,1.93809e-16,,,10.75703,1.105485
443,S-zvipe_z1_1575,2,kin,332.94645,1.270844,0.99394,51.757,35.4968,-23.24,21.5557,20.447884,1.300544,0.599521,61.87593,7.414179,129.10952,8.660076,40.41004,2.159857,7.19098e+41,3.59549e+40,9.31573e-17,,,10.48103,1.300544
445,S-zvipe_z1_1577,1,phot,332.95457,1.188215,0.842758,-24.114,55.7365,-22.42,20.300699,20.876371,2.183556,1.006569,120.05859,13.95537,132.73531,13.268405,32.62382,2.366148,2.61327e+41,1.30664e+40,5.08735e-17,10.283,1,10.15303,2.183556
446,S-zvipe_z1_1578,2,phot,332.95536,1.253273,0.893074,71.487,65.0735,-23.52,22.325399,19.989574,4.132344,1.904916,17.44481,3.365853,44.99617,8.140614,23.61787,2.313091,1.74262e+41,8.7131e+39,2.94048e-17,10.193,0,10.59303,4.132344
448,S-zvipe_z1_1580,2,kin,332.96737,1.225571,0.8429,-35.043,38.1033,-22.4,21.950399,20.819252,2.458763,1.475258,159.52466,12.120076,163.62643,12.105659,14.19554,2.853226,3.18929e+41,1.59464e+40,6.20612e-17,,,10.14503,2.458763
452,S-zvipe_z1_1585,2,phot,332.97796,1.257851,0.946396,46.55,71.2128,-22.18,21.4349,21.205126,5.254911,2.422394,58.448,6.515282,87.30732,8.875037,65.45468,3.25908,1.06378e+42,5.31892e+40,1.55557e-16,9.77231,0,10.05703,5.254911
454,S-zvipe_z1_1991,2,phot,335.12437,0.966718,0.823964,45.554,33.4779,-22.94,22.0135,20.177324,3.542403,2.125442,153.438,18.762371,196.07728,16.405749,69.85412,3.706505,7.62869e+41,3.81434e+40,1.56992e-16,,,10.36103,3.542403
456,S-zvipe_z1_2061,1,phot,333.2826,1.437173,0.958878,10.535,72.8058,-21.11,21.9466,21.9243,3.503284,1.614934,0.143,4.314629,95.81634,13.729424,58.33668,3.532123,5.91197e+41,2.95599e+40,8.36972e-17,,,9.62903,3.503284
459,S-zvipe_z1_2064,1,kin,333.2628,1.404288,0.874804,54.328,63.7481,-23.51,20.6208,19.5732,2.266531,1.044819,159.12154,13.537895,187.59439,13.176518,61.70502,3.556062,1.07878e+42,5.3939e+40,1.91554e-16,10.9802,0,10.58903,2.266531
460,S-zvipe_z1_2065,1,phot,333.26145,1.462814,0.873382,-23.84,74.9711,-22.51,21.9007,20.8834,4.849398,2.235462,19.718,4.034751,32.50713,8.636821,10.89004,3.360364,2.30981e+41,1.15491e+40,4.11792e-17,10.1406,1,10.18903,4.849398
463,S-zvipe_z1_2070,3,kin,333.24155,1.464836,0.826144,48.297,40.9565,-22.34,20.7519,20.4962,1.080878,0.49826,68.78774,7.703399,111.94136,9.759274,41.1198,3.499494,3.55934e+41,1.77967e+40,7.27734e-17,,,10.12103,1.080878
464,S-zvipe_z1_2073,1,kin,333.23271,1.439974,0.872788,-40.898,66.2864,-21.16,22.2376,21.7316,1.485408,0.891245,24.3992,4.264209,66.0171,10.243909,44.1674,3.463235,3.06653e+41,1.53327e+40,5.47617e-17,9.98798,0,9.64903,1.485408
466,S-zvipe_z1_2310,1,phot,334.62361,1.197114,0.841794,-34.921,46.6371,-22.92,21.8309,20.270939,1.101516,0.507774,201.49237,31.972074,204.93066,31.49544,38.1481,3.662604,1.71499e+41,8.57495e+39,3.34806e-17,10.3592,1,10.35303,1.101516
474,S-zvipe_z1_2323,2,phot,334.57905,1.257861,0.895427,37.515,45.3008,-22.35,21.549601,20.989399,3.271583,1.508125,38.15119,4.818553,46.87188,6.691709,18.62215,2.255267,2.8516e+41,1.4258e+40,4.78063e-17,9.82866,0,10.12503,3.271583
476,S-zvipe_z1_2327,3,kin,334.57029,1.171803,0.843102,43.557,30.4537,-22.72,20.8319,20.520731,1.10325,0.508573,186.8704,17.491884,231.66077,16.60063,63.57884,2.735708,4.47997e+41,2.23998e+40,8.71256e-17,,,10.27303,1.10325
482,S-zvipe_z1_2595,2,kin,335.09448,1.205271,0.800958,-39.071,32.3969,-22.65,21.724701,20.521194,1.048111,0.483156,205.35323,15.400069,270.46512,15.065362,45.95212,2.46885,1.8736e+41,9.368e+39,4.13397e-17,,,10.24503,1.048111
483,S-zvipe_z1_2597,2,kin,335.09598,1.254481,0.914207,86.062,53.0,-21.24,21.724701,21.71439,5.341929,3.205158,178.322,12.095704,182.67842,11.984116,47.36144,2.77412,8.26004e+41,4.13002e+40,1.31562e-16,,,9.68103,5.341929
486,S-zvipe_z1_2601,1,kin,335.11429,1.163868,0.839939,-5.145,54.4358,-21.81,21.724701,20.991037,3.068883,1.414685,0.16,3.459526,119.45918,11.015695,62.47317,3.454806,3.40412e+41,1.70206e+40,6.68184e-17,9.66915,0,9.90903,3.068883
487,S-zvipe_z1_2602,2,phot,335.1133,1.261121,0.92759,-67.345,35.3646,-23.65,21.724701,19.809135,3.157211,0.0,79.837,12.893385,82.46234,12.749511,45.11833,3.466987,9.10188e+41,4.55094e+40,1.39861e-16,,,10.64503,3.157211
488,S-zvipe_z1_2603,2,kin,335.12037,1.19886,0.819441,-56.582,54.7801,-21.43,21.724701,21.38253,2.123207,0.97875,132.19609,16.21548,145.07463,15.5003,38.34653,2.837984,1.89773e+41,9.48866e+39,3.95865e-17,,,9.75703,2.123207
489,S-zvipe_z1_2606,3,kin,335.13822,1.211133,0.830675,47.138,53.0,-22.01,21.724701,21.068245,7.163769,4.298262,68.213,15.139863,145.31198,13.215383,26.58991,3.761552,1.23026e+41,6.15132e+39,2.48172e-17,9.80074,1,9.98903,7.163769
491,S-zvipe_z1_2608,2,kin,335.15221,1.278837,0.800894,24.628,53.0,-19.58,21.724701,-22.0,2.369948,1.421969,15.54665,3.306057,94.2107,10.265581,46.62725,2.969905,1.19228e+41,5.9614e+39,2.63121e-17,9.4477,0,9.01703,2.369948
495,S-zvipe_z1_2612,2,phot,335.16473,1.234966,0.961953,2.295,27.6878,-23.08,21.724701,20.423302,1.258795,0.580276,7.10183,1.00606,68.52439,9.433902,29.46016,2.700158,3.60673e+41,1.80336e+40,5.06589e-17,,,10.41703,1.258795
500,S-zvipe_z1_2740,1,kin,333.28459,1.41405,0.824579,45.354,46.6941,-22.55,21.4093,20.4073,1.276297,0.765778,108.13929,13.414315,131.53441,13.36757,54.11362,2.882041,4.69336e+41,2.34668e+40,9.64084e-17,10.4872,0,10.20503,1.276297
506,S-zvipe_z1_3488,2,kin,334.97769,1.224832,0.969577,29.766,41.2947,-22.89,21.898701,20.6756,1.268707,0.584845,132.50157,17.746201,148.31124,16.787473,45.61568,3.028557,4.77825e+41,2.38913e+40,6.5817e-17,,,10.34103,1.268707
510,S-zvipe_z1_3500,2,phot,335.00091,1.164537,0.821218,-3.12,53.0,-21.44,21.725401,21.6233,1.216541,0.729925,53.00435,8.922109,73.14236,9.800118,33.93825,3.475297,1.27148e+41,6.3574e+39,2.63819e-17,,,9.76103,1.216541
511,S-zvipe_z1_3506,2,phot,335.01124,1.173127,0.96121,-25.052,38.2041,-22.95,21.887199,20.6529,2.490502,1.148065,261.05148,22.936419,261.38696,22.912896,18.26065,3.252851,1.67302e+41,8.36511e+39,2.35436e-17,,,10.36503,2.490502
512,S-zvipe_z1_3507,2,phot,335.01294,1.204718,0.822108,-70.387,39.6406,-23.24,21.217501,20.0242,1.075759,0.495901,176.81129,12.842838,178.34036,12.816326,11.5603,2.873928,1.28953e+41,6.44767e+39,2.66853e-17,,,10.48103,1.075759
516,S-zvipe_z1_3648,1,phot,333.26176,1.468715,0.884981,11.266,53.0,-20.42,22.189899,22.2787,1.157863,0.533748,0.27498,3.392792,125.52158,11.014108,58.12127,3.480858,9.67145e+41,4.83572e+40,1.66902e-16,,,9.35303,1.157863
517,S-zvipe_z1_3649,2,kin,333.26335,1.496136,0.872904,33.123,48.9572,-21.95,22.064699,21.099,1.142031,0.52645,39.76179,4.242565,70.10782,10.880522,47.0538,3.890882,3.60345e+41,1.80173e+40,6.43288e-17,9.96322,0,9.96503,1.142031
519,S-zvipe_z1_817,2,phot,333.48105,0.92773,0.910928,-20.529,53.0,-20.66,21.817499,22.2158,3.520706,2.112423,101.197,7.208223,101.21385,7.208925,19.47665,2.641912,1.53482e+41,7.67408e+39,2.46637e-17,9.5115,0,9.44903,3.520706
520,S-zvipe_z1_819,2,phot,333.49561,0.920368,0.920533,14.106,53.0,-19.94,22.4718,22.8775,3.301965,1.981179,134.791,15.115799,137.22917,14.973833,28.66672,3.323977,1.84696e+41,9.23479e+39,2.89209e-17,,,9.16103,3.301965
521,S-zvipe_z1_822,1,kin,333.50528,0.951796,0.809772,35.397,53.0,-20.02,22.075701,22.5148,1.159961,0.695977,1.57817,0.403247,161.3155,14.078457,86.76351,3.988797,1.42127e+42,7.10636e+40,3.05264e-16,,,9.19303,1.159961
522,S-zvipe_z1_827,2,kin,333.52568,0.909852,0.823708,-56.225,33.6911,-21.48,21.9527,21.327,1.077794,0.496839,142.73622,16.224006,155.2533,15.661039,24.47725,2.830386,2.04466e+41,1.02233e+40,4.21096e-17,,,9.77703,1.077794
525,S-zvipe_z1_830,2,phot,333.54812,0.89678,0.823754,22.301,53.0,-22.63,21.929501,20.563,1.208351,0.725011,33.94768,5.931833,108.61232,11.583057,48.42319,3.570121,2.37514e+41,1.18757e+40,4.89092e-17,,,10.23703,1.208351
528,S-zvvd_z1_186,1,phot,333.53161,0.916183,0.82247,8.34,63.4407,-23.85,22.1749,19.4836,3.805649,1.754318,111.699,10.984615,113.55164,10.951666,33.38466,2.821409,2.73865e+41,1.36933e+40,5.66116e-17,,,10.72503,3.805649
530,S-zvvd_z1_206,1,kin,333.53379,0.944572,0.80742,89.01,67.4844,-23.2,22.514601,20.1342,5.206606,2.400127,106.708,19.439073,169.86002,17.102312,73.86062,4.011327,2.09524e+41,1.04762e+40,4.53253e-17,,,10.46503,5.206606
534,S-zvvd_z1_450,1,phot,334.71364,0.915632,0.840097,45.514,65.5599,-22.94,21.5383,20.2841,6.153125,2.836451,60.858,6.74207,60.95474,6.75113,26.04005,2.368618,1.96545e+41,9.82727e+39,3.85615e-17,,,10.36103,6.153125
535,S-zvvd_z1_458,2,kin,334.66104,0.939539,0.924319,15.884,40.4452,-24.16,21.747601,19.4286,1.209387,0.5575,233.4027,25.90938,234.62145,25.793418,13.97661,2.641357,1.88658e+41,9.43289e+39,2.92435e-17,,,10.84903,1.209387
536,S-zvvd_z1_475,1,kin,334.67423,0.966867,0.901272,-37.552,45.2065,-23.84,22.0042,19.6409,3.292844,1.517926,93.62112,11.551748,97.75318,11.380497,34.45179,2.654891,6.33158e+41,3.16579e+40,1.04457e-16,,,10.72103,3.292844
537,S-zvvd_z1_476,2,phot,334.66627,0.968917,0.819011,79.762,38.7313,-23.18,21.2507,19.9281,1.07162,0.493992,220.91177,30.803991,253.00245,27.176682,53.6839,2.492399,6.55156e+41,3.27578e+40,1.36842e-16,,,10.45703,1.07162
539,S-zvvd_z1_503,2,kin,334.96317,0.428393,0.991857,-53.671,42.2608,-21.68,22.3897,21.815,3.375954,0.0,75.152,11.034101,92.7319,10.820712,27.38367,3.392809,2.18699e+41,1.0935e+40,2.84793e-17,,,9.85703,3.375954
542,S-zvvd_z1_888,1,phot,334.90832,0.335392,0.832809,-43.826,53.0,-20.67,22.5308,22.0955,2.83461,0.0,17.55889,2.395636,49.24471,9.569367,30.27852,2.872683,1.47499e+41,7.37497e+39,2.95665e-17,,,9.45303,2.83461
546,U-HiZ_z1_101,3,kin,34.5034,-4.709059,0.830326,-51.238,46.1851,-21.3,22.137199,21.7514,2.520522,1.512313,66.45045,10.544569,114.43604,12.090824,60.12828,3.744046,3.12355e+41,1.56177e+40,6.30743e-17,9.53378,0,9.70503,2.520522
550,U-HiZ_z1_109,2,phot,34.522425,-5.000981,0.789771,58.032,44.0456,-20.49,22.8335,22.7473,1.962889,0.588867,8.27958,0.74767,59.5903,10.703824,34.64094,2.919822,2.45543e+41,1.22772e+40,5.6084e-17,,,9.38103,1.962889
553,U-HiZ_z1_114,2,kin,34.530025,-4.928184,0.832713,50.309,52.6199,-22.37,21.759199,20.9079,2.167392,0.0,126.66858,17.581082,175.48497,14.657275,60.60389,2.815336,5.12708e+41,2.56354e+40,1.02803e-16,9.99443,0,10.133031,2.167392
556,U-HiZ_z1_123,2,phot,34.557654,-5.025086,0.838423,-53.398,48.5217,-22.61,21.3114,20.5293,2.272563,1.363538,168.86808,22.600717,173.39917,22.163631,28.57043,3.695414,2.66312e+41,1.33156e+40,5.25068e-17,10.2038,0,10.22903,2.272563
560,U-HiZ_z1_132,2,kin,34.578412,-4.958827,0.841549,80.753,30.1531,-22.93,20.552799,20.0641,2.427185,0.947846,116.89161,8.304006,120.6972,8.408007,27.83702,2.401124,2.58407e+41,1.29204e+40,5.04833e-17,,,10.35703,2.427185
561,U-HiZ_z1_134,1,phot,34.588317,-5.000393,0.839251,-65.98,53.0,-19.53,23.552401,23.5964,1.828235,0.713949,32.03126,6.315365,123.48318,11.010117,51.23027,3.446738,2.98885e+41,1.49443e+40,5.8786e-17,,,8.99703,1.828235
563,U-HiZ_z1_139,1,kin,34.609575,-4.783706,0.841691,82.713,59.117,-22.12,21.697599,21.1344,1.833442,0.715982,77.16824,11.392188,150.59489,10.511606,61.59797,2.867076,4.44452e+41,2.22226e+40,8.67936e-17,9.80274,0,10.033031,1.833442
567,U-HiZ_z1_148,2,phot,34.617867,-5.079322,0.839186,29.812,38.7694,-22.01,21.346901,21.1232,1.146017,0.447534,100.74923,15.584007,118.15431,14.41836,31.04722,3.53269,3.65755e+41,1.82877e+40,7.19517e-17,,,9.98903,1.146017
570,U-HiZ_z1_201,1,phot,34.840983,-4.698756,0.841969,-75.209,61.5166,-19.35,23.507,23.5304,1.833899,0.71616,85.53822,13.848309,126.48268,13.269678,39.84251,3.009967,2.95501e+41,1.47751e+40,5.76592e-17,10.9143,0,8.92503,1.833899
572,U-HiZ_z1_204,2,phot,34.852354,-4.737971,0.839485,-65.894,56.2312,-22.15,22.239901,21.2548,1.828518,0.714059,140.24826,18.192832,207.3567,16.085796,79.97422,3.503355,3.57032e+41,1.78516e+40,7.01742e-17,,,10.04503,1.828518
573,U-HiZ_z1_205,2,phot,34.875246,-4.722936,0.843691,-67.888,50.2067,-23.22,22.1315,20.4177,2.433111,0.95016,170.9411,16.785142,176.53964,16.463204,37.17384,2.843311,2.07262e+41,1.03631e+40,4.02386e-17,,,10.47303,2.43311
574,U-HiZ_z1_208,1,kin,34.896675,-4.694981,0.836158,-10.417,66.4497,-22.0,21.7103,21.0559,4.971026,1.941248,140.959,7.476257,205.32442,9.251523,63.78795,2.869825,3.9708e+41,1.9854e+40,7.88128e-17,,,9.98503,4.971026
576,U-HiZ_z1_31,1,phot,34.228033,-4.978422,0.835748,-36.301,68.8477,-21.5,21.872101,21.5732,2.957641,1.154996,130.59141,14.050589,154.88252,13.588934,48.33988,3.101274,5.83964e+41,2.91982e+40,1.16046e-16,9.48979,1,9.78503,2.957641
577,U-HiZ_z1_33,1,kin,34.236263,-4.756204,0.838368,37.075,56.3223,-22.1,22.2952,21.1807,1.82617,0.713142,48.21916,6.622559,90.42035,10.114306,34.49843,3.526351,1.092e+41,5.46002e+39,2.15337e-17,,,10.02503,1.82617
578,U-HiZ_z1_34,1,phot,34.241733,-5.040721,0.834664,-51.556,55.0816,-22.51,21.322001,20.6102,1.139827,0.445117,205.9895,31.256811,291.07336,28.372447,62.72881,4.86663,4.41234e+41,2.20617e+40,8.7963e-17,10.0817,0,10.18903,1.139827
582,U-HiZ_z1_43,1,kin,34.278554,-4.958976,1.022187,17.263,45.7036,-22.62,21.8302,20.7343,2.226726,0.869564,88.65734,16.609019,106.02573,15.008216,82.5787,3.229487,4.34894e+41,2.17447e+40,5.25676e-17,10.3222,0,10.233031,2.226726
583,U-HiZ_z1_44,1,phot,34.280683,-4.993241,0.833836,84.165,52.7578,-23.48,20.3382,19.5568,3.472109,1.355902,205.87854,20.638703,222.35693,19.521939,45.00202,2.976291,2.95196e+41,1.47598e+40,5.89932e-17,10.7602,1,10.57703,3.472109
584,U-HiZ_z1_49,2,phot,34.291542,-4.753947,0.963471,86.227,47.6167,-22.01,21.7743,21.3506,2.778685,1.085111,79.44362,11.679088,96.11305,11.04327,30.89593,3.225327,2.34274e+41,1.17137e+40,3.27774e-17,9.79874,1,9.98903,2.778685
585,U-HiZ_z1_53,3,phot,34.312479,-5.208119,0.802994,-36.461,29.5879,-22.61,21.068701,20.3545,1.403067,0.42092,28.77114,3.853674,107.80111,10.594774,40.99245,2.81868,2.88229e+41,1.44115e+40,6.32e-17,,,10.22903,1.403067
586,U-HiZ_z1_62,3,phot,34.357912,-5.183929,0.8545,32.692,29.2923,-21.55,21.685301,21.5899,2.579714,0.773914,131.47249,20.300106,149.03181,18.85082,36.94402,3.56544,6.87622e+41,3.43811e+40,1.29375e-16,,,9.80503,2.579714
587,U-HiZ_z1_63,2,phot,34.378942,-4.996826,0.857682,48.691,29.454,-21.05,22.2628,22.1174,1.817139,0.545142,50.28772,10.238922,118.05503,10.842211,51.18616,3.337553,3.81506e+41,1.90753e+40,7.11253e-17,,,9.60503,1.817139
591,U-HiZ_z1_73,2,phot,34.426967,-4.986346,0.856187,-62.638,56.4568,-20.55,22.5343,22.4997,2.469424,0.964341,64.83501,11.214084,77.00097,11.87992,24.25522,3.61597,1.48072e+41,7.4036e+39,2.77244e-17,9.1339,0,9.40503,2.469424
592,U-HiZ_z1_75,2,kin,34.433138,-4.749414,0.579844,-51.633,66.6329,-21.63,21.9258,21.4903,1.263057,0.49324,93.69932,11.732858,155.07913,12.645792,73.2894,4.05718,6.13477e+40,3.06739e+39,2.97977e-17,9.59727,0,9.83703,1.263057
594,U-HiZ_z1_84,1,phot,34.453346,-4.91788,0.840264,-46.255,53.0,-20.09,22.8761,22.899,2.187045,0.0,56.37662,8.642134,75.05425,9.972859,30.91616,3.858332,3.52885e+41,1.76443e+40,6.92009e-17,8.98162,0,9.22103,2.187045
595,U-HiZ_z1_87,1,kin,34.463679,-4.70045,0.839033,51.9,57.4353,-21.24,22.1982,21.8749,1.14563,0.447383,27.01105,4.852837,156.69659,12.2084,86.07837,3.717646,3.74465e+41,1.87232e+40,7.36982e-17,9.48058,0,9.68103,1.14563
597,U-HiZ_z1_94,1,kin,34.476754,-4.943397,0.840816,-37.815,64.1947,-22.49,20.957001,20.6502,1.831639,0.715278,86.53207,3.254649,184.85181,9.23666,98.11869,3.25084,1.24002e+42,6.20009e+40,2.42775e-16,9.88787,0,10.18103,1.831639
598,U-HiZ_z1_96,2,kin,34.477787,-4.741861,0.839855,-87.95,36.4288,-23.33,20.923201,19.9004,1.748568,1.049141,273.79509,19.220985,292.15442,18.508687,62.70175,3.7137,5.70143e+41,2.85071e+40,1.11939e-16,,,10.51703,1.748568
600,U-zuds_z1_100,1,phot,34.578587,-5.024403,0.824523,-4.277,47.3843,-21.56,21.5026,21.4821,2.146075,0.0,93.59018,16.05195,105.2815,15.508916,19.01296,4.135009,8.20012e+41,4.10006e+40,1.6847e-16,9.68639,0,9.80903,2.146075
603,U-zuds_z1_109,1,kin,34.318075,-4.999336,0.807771,66.446,45.9818,-22.33,20.791201,20.6837,1.10311,0.430778,119.56132,18.482824,176.22019,15.99494,67.6048,4.393928,2.53021e+42,1.26511e+41,5.46764e-16,,,10.11703,1.10311
605,U-zuds_z1_113,2,kin,34.656571,-4.99024,0.916178,-57.121,53.0,-20.6,22.4858,22.7899,2.384634,0.0,160.19646,25.732996,172.58534,25.027196,24.52519,4.216299,1.28509e+42,6.42547e+40,2.03599e-16,9.20504,0,9.42503,2.384634
606,U-zuds_z1_118,2,kin,34.212471,-4.981209,1.03655,85.35,39.9983,-22.52,21.6465,20.8787,3.315166,1.9891,265.72,24.166081,265.76386,24.162714,39.03712,3.20324,2.67928e+41,1.33964e+40,3.12871e-17,,,10.19303,3.315166
608,U-zuds_z1_121,2,phot,34.505342,-4.934969,0.841769,-2.568,31.3958,-21.63,21.853901,21.5227,1.15731,0.694386,21.91709,4.066552,169.75235,10.564263,56.503,3.439472,2.2383e+41,1.11915e+40,4.37e-17,,,9.83703,1.15731
613,U-zuds_z1_139,2,kin,34.839746,-4.834351,0.899761,-39.114,38.7586,-22.05,22.3386,21.4787,1.959891,0.765362,116.21124,17.527291,151.46114,16.24887,40.06955,2.795,6.01194e+41,3.00597e+40,9.95948e-17,,,10.00503,1.959891
615,U-zuds_z1_142,1,phot,34.263587,-4.808001,0.834815,58.107,51.1903,-22.0,21.3916,21.1188,1.818477,0.710138,16.43336,3.881625,165.67877,13.718151,81.22714,3.683975,9.29691e+41,4.64846e+40,1.85257e-16,,,9.98503,1.818477
618,U-zuds_z1_147,2,phot,34.244358,-4.750436,0.882541,-51.603,40.7267,-23.34,20.5853,19.8616,3.674741,1.435032,157.70224,19.629147,183.26699,17.586415,52.06637,2.705632,3.0808e+41,1.5404e+40,5.35292e-17,,,10.52103,3.674741
619,U-zuds_z1_188,1,phot,34.324004,-5.202332,0.912777,-65.499,51.6923,-22.03,21.5074,21.2124,3.20732,0.962196,95.44601,10.995322,96.77576,10.963248,26.28548,2.63629,6.84177e+41,3.42088e+40,1.09395e-16,9.72698,0,9.99703,3.207319
622,U-zuds_z1_220,2,kin,34.642971,-5.040231,0.914298,42.926,53.0,-20.11,23.3566,23.3778,5.226306,3.135784,43.666,5.486442,104.151,9.798322,39.80664,3.651805,3.54545e+41,1.77272e+40,5.64565e-17,,,9.22903,5.226306
645,U-zuds_z1_98,2,phot,34.37895,-5.027785,0.799755,-53.913,62.7613,-23.0,20.6371,19.8937,3.441357,1.032407,30.72568,5.453014,173.84553,9.587488,96.93125,2.831969,2.77153e+41,1.38576e+40,6.13785e-17,10.4736,0,10.38503,3.441357
647,U-zudsp_z1_103,3,phot,34.67175,-5.05803,0.961699,18.398,42.8612,-23.58,20.580601,19.8863,2.094969,0.818112,317.23398,34.637185,321.67795,34.210225,20.57241,4.044687,5.4968e+41,2.7484e+40,7.72565e-17,,,10.61703,2.094969
650,U-zudsp_z1_112,2,phot,34.538217,-4.916098,0.827802,59.175,51.2791,-21.26,22.1262,21.7457,1.803276,0.704202,9.13485,1.991934,37.88007,9.238896,35.57459,2.859941,2.63007e+41,1.31503e+40,5.35089e-17,9.63357,0,9.68903,1.803276
651,U-zudsp_z1_115,1,phot,34.834208,-4.89343,0.826691,-74.432,61.3547,-22.56,22.157801,20.842,1.800763,0.70322,142.81309,9.373692,183.83077,9.263607,62.00557,2.375317,7.00364e+41,3.50182e+40,1.42961e-16,,,10.20903,1.800763
652,U-zudsp_z1_120,2,phot,34.540229,-4.78215,0.82771,22.613,34.8367,-21.49,21.5938,21.5125,1.240512,0.744307,218.14932,26.608572,230.00621,25.461893,38.01723,3.424081,6.17293e+41,3.08647e+40,1.25623e-16,,,9.78103,1.240512
653,U-zudsp_z1_121,2,kin,34.875613,-4.762981,0.867842,-69.302,44.1813,-22.1,22.6031,21.4056,1.184907,0.462721,206.73652,30.823684,215.56636,29.765387,28.35315,2.87522,2.88226e+41,1.44113e+40,5.21974e-17,,,10.02503,1.184906
660,U-zudsp_z1_53,1,kin,34.221542,-4.996918,0.808133,31.528,53.0,-19.97,23.1661,23.0505,0.802572,0.481543,89.48303,16.891319,128.73394,16.857356,53.13426,3.758642,2.0321e+41,1.01605e+40,4.38641e-17,8.90748,0,9.17303,0.802572
661,U-zudsp_z1_55,2,phot,34.367475,-4.994046,0.957975,27.609,55.7389,-20.12,22.9221,23.1636,2.380947,0.714284,72.17326,10.437426,104.40184,9.45818,35.48561,2.614712,5.4666e+41,2.7333e+40,7.75723e-17,8.87629,1,9.233031,2.380947
662,U-zudsp_z1_58,2,phot,34.3156,-4.973164,0.835435,58.009,38.1371,-23.21,21.0357,19.9762,1.819917,0.7107,50.01045,7.113849,107.55274,9.65272,43.92829,2.730299,5.13279e+41,2.56639e+40,1.02093e-16,,,10.46903,1.819917
663,U-zudsp_z1_62,2,phot,34.5405,-4.91258,0.836305,71.502,33.5618,-21.76,21.825199,21.2558,1.569105,0.941463,133.06802,19.049443,135.07745,18.855062,38.87101,3.470532,1.30077e+41,6.50383e+39,2.58066e-17,,,9.88903,1.569105
664,U-zudsp_z1_69,2,kin,34.529146,-4.844337,0.96761,-67.631,53.0,-21.02,22.4342,22.2518,4.142549,2.48553,198.178,20.274873,217.22982,18.942822,42.91972,3.501006,3.24307e+41,1.62154e+40,4.48959e-17,9.17984,1,9.59303,4.142549
667,U-zudsp_z1_79,1,kin,34.275971,-4.751386,0.815637,26.556,53.4261,-20.97,22.173,21.9651,3.507239,2.104343,87.25714,11.80588,102.94781,12.830208,54.51512,3.040725,4.12213e+41,2.06107e+40,8.69778e-17,9.34367,0,9.57303,3.507239
669,U-zvipe_z1_1071,3,phot,34.567838,-4.728418,0.843821,-10.552,36.4834,-22.4,21.2421,20.6719,1.618165,0.970899,109.23971,20.02944,199.80003,14.255683,110.69828,3.434048,6.92994e+41,3.46497e+40,1.3449e-16,,,10.14503,1.618165
673,U-zvipe_z1_1081,1,phot,34.647096,-4.759767,0.88036,39.746,74.4285,-21.55,21.408899,21.3195,7.728138,3.017935,95.049,16.392933,107.09685,15.728182,14.74456,3.529931,6.14157e+41,3.07078e+40,1.07364e-16,9.76284,0,9.80503,7.728138
677,U-zvipe_z1_1821,1,phot,34.835921,-4.687934,0.841548,29.067,60.5466,-22.33,20.745001,20.4922,3.50391,1.368321,156.63242,12.201559,159.55976,12.155134,43.14579,2.590985,1.27022e+42,6.35112e+40,2.48156e-16,9.98743,1,10.11703,3.50391
679,U-zvipe_z1_1823,1,phot,34.841704,-4.670715,0.887607,87.598,70.3113,-21.54,21.5319,21.3478,4.759442,1.858621,20.082,5.058642,62.32746,15.291376,62.70189,3.630066,9.39606e+41,4.69803e+40,1.60969e-16,,,9.801031,4.759442
680,U-zvipe_z1_1824,2,kin,34.843433,-4.738903,0.962579,-25.417,38.8165,-23.33,21.9998,20.6512,2.776007,1.084065,188.49474,21.519236,194.96243,21.016723,42.42982,3.293277,3.20536e+41,1.60268e+40,4.4949e-17,,,10.51703,2.776007
681,U-zvipe_z1_1825,2,phot,34.846358,-4.677513,0.919619,46.815,58.61,-22.74,21.5387,20.6655,2.652048,1.035658,326.73042,21.821746,367.72698,20.222925,37.51508,2.83962,4.69511e+41,2.34756e+40,7.36998e-17,10.6548,1,10.28103,2.652048
686,U-zvipe_z1_1836,2,phot,34.902396,-4.729701,0.827618,84.73,37.1267,-22.31,21.958099,20.9596,2.386751,0.932056,159.31577,24.346562,159.67511,24.29954,9.16124,3.382884,2.01072e+41,1.00536e+40,4.09306e-17,,,10.10903,2.386751
688,U-zvipe_z1_1838,1,kin,34.907892,-4.699552,0.802054,69.214,67.0267,-21.23,22.414301,21.6525,3.825385,1.493861,80.969,7.751613,82.68521,7.851592,34.68964,2.822729,2.31107e+41,1.15554e+40,5.08212e-17,9.74003,0,9.67703,3.825385
690,U-zvipe_z1_247,1,kin,34.483792,-4.769275,0.837697,87.282,71.561,-21.7,21.5088,21.4478,3.488066,1.362133,164.42554,7.489807,184.48436,8.729426,61.90556,3.509913,9.40687e+41,4.70343e+40,1.85865e-16,9.58267,1,9.86503,3.488066
691,U-zvipe_z1_249,1,phot,34.50365,-4.730183,0.883391,39.473,53.3297,-22.65,21.1688,20.5556,1.924246,0.751442,155.006,22.687999,199.63464,19.893641,82.01243,4.551446,6.35007e+41,3.17504e+40,1.10071e-16,10.0402,1,10.24503,1.924246
692,U-zvipe_z1_251,1,phot,34.5232,-4.67334,0.840196,34.564,45.7995,-22.23,20.915501,20.8288,1.8301,0.714677,167.96176,19.323116,219.86439,17.134174,84.49866,4.640837,1.24049e+42,6.20244e+40,2.43309e-16,9.82631,0,10.07703,1.8301
693,U-zvipe_z1_253,2,phot,34.526733,-4.750314,0.865617,-50.54,39.2025,-22.81,20.890801,20.3858,1.885544,0.736328,24.77157,2.93851,79.40633,9.680541,35.27602,2.982027,5.00866e+41,2.50433e+40,9.12821e-17,,,10.30903,1.885544
696,U-zvipe_z1_4550,2,kin,34.79195,-4.8298,0.888621,20.894,36.7533,-23.0,21.770599,20.4711,1.935644,0.755893,121.87426,7.225135,156.84506,8.425829,47.31619,2.277475,4.79298e+41,2.39649e+40,8.18801e-17,,,10.38503,1.935644
698,U-zvipe_z1_4553,2,kin,34.807896,-4.895741,0.918762,41.427,38.7416,-22.77,22.1136,20.7592,2.649777,1.034771,24.46856,6.357735,103.82501,11.531323,57.52789,2.884051,3.83777e+41,1.91889e+40,6.0381e-17,,,10.29303,2.649777
700,U-zvipe_z1_4555,1,phot,34.816096,-4.861986,0.890682,-75.634,55.5383,-22.2,22.264099,21.149,1.216197,0.47494,148.30031,21.497157,179.67447,19.494435,47.09888,3.759983,7.82201e+41,3.91101e+40,1.32865e-16,10.2741,1,10.06503,1.216197
703,U-zvipe_z1_4561,1,kin,34.838837,-4.884937,0.870447,-52.522,45.6251,-22.23,21.844299,21.2719,1.896069,0.740439,89.33917,13.779115,155.30437,12.137051,78.58051,3.030398,8.94343e+41,4.47171e+40,1.60772e-16,9.75068,0,10.07703,1.896069
704,U-zvipe_z1_4562,2,phot,34.850996,-4.889663,0.917181,12.654,47.0717,-23.19,21.8486,20.4937,3.819003,1.491368,31.715,5.61151,32.68003,6.023698,19.09692,3.299152,1.99245e+41,9.96227e+39,3.14815e-17,10.8162,1,10.46103,3.819003
705,U-zvipe_z1_4563,1,kin,34.852317,-4.845738,0.900589,13.183,61.4617,-22.14,22.181101,21.5155,5.354295,2.090919,163.012,3.1506,286.36329,8.389274,139.56329,3.203217,3.5983e+41,1.79915e+40,5.9475e-17,9.33609,0,10.04103,5.354295
706,U-zvipe_z1_4564,2,phot,34.859437,-4.860549,0.918021,57.947,61.4526,-23.75,21.913401,20.1089,3.248654,1.26864,291.848,44.037118,304.77411,42.314923,20.06801,3.637361,2.67527e+41,1.33764e+40,4.21748e-17,10.8478,1,10.68503,3.248654
711,U-zvipe_z1_4577,2,phot,34.655721,-4.778992,0.845614,-14.434,33.6029,-20.97,22.0909,22.0206,1.841973,0.719314,33.62083,3.986151,97.44591,11.897523,57.69858,4.667026,2.13489e+41,1.06745e+40,4.12158e-17,,,9.57303,1.841973
714,U-zvipe_z1_4598,2,phot,34.652538,-5.031977,0.961226,45.834,67.1844,-21.04,22.2244,22.2409,3.401719,1.328414,47.214,6.71115,104.57911,9.775121,48.92626,3.255367,3.56428e+41,1.78214e+40,5.01562e-17,9.41675,1,9.601031,3.401719
715,U-zvipe_z1_4736,1,phot,34.505767,-4.891007,0.840183,71.587,69.5719,-21.79,21.8155,21.4252,2.973332,1.161123,0.033,3.963154,100.49759,12.633772,42.56091,4.505812,3.2175e+41,1.60875e+40,6.31103e-17,,,9.901031,2.973332
716,U-zvipe_z1_4737,2,phot,34.512313,-4.849109,0.804339,52.556,57.2206,-20.99,22.230101,21.8518,2.319822,0.905919,97.65867,11.948022,103.25302,11.754975,20.89185,2.755474,9.54558e+40,4.77279e+39,2.08446e-17,9.39423,1,9.58103,2.319822
717,U-zvipe_z1_4742,2,phot,34.565808,-4.819183,0.8393,-63.355,67.1911,-21.27,22.098801,21.7646,2.970154,1.159882,136.35489,17.995849,147.36723,17.358624,27.44974,3.233741,1.91024e+41,9.55121e+39,3.7566e-17,9.43918,1,9.69303,2.970154
719,U-zvipe_z1_4766,1,kin,34.359933,-5.002593,0.807178,-21.503,48.3168,-21.49,21.857599,21.4853,3.180804,0.954241,117.01571,12.52648,152.31783,10.825588,50.74297,2.896431,1.03199e+41,5.15994e+39,2.23409e-17,9.44927,0,9.78103,3.180804
720,U-zvipe_z1_4767,2,kin,34.362608,-5.023573,0.860403,-33.599,61.6465,-21.07,22.1192,22.1163,1.664362,0.499309,64.64917,4.2265,164.51117,9.923471,92.08005,3.386009,8.4503e+41,4.22515e+40,1.56316e-16,,,9.61303,1.664362
722,U-zvipe_z1_4773,2,kin,34.400504,-5.022172,0.857262,-29.98,30.3818,-21.28,21.9067,21.6871,1.658287,0.497486,119.77657,18.543026,124.1392,18.135961,37.30017,3.495859,1.21373e+41,6.06866e+39,2.26553e-17,,,9.69703,1.658287
723,U-zvipe_z1_4774,2,kin,34.403671,-5.010477,0.973279,14.043,44.64,-21.89,21.7141,21.4953,2.774343,0.832303,46.91284,5.113159,52.96274,6.1429,19.23421,2.628409,7.89981e+41,3.9499e+40,1.07794e-16,,,9.94103,2.774343
725,U-zvipe_z1_4777,1,phot,34.425238,-5.052094,0.915145,31.644,59.0848,-22.16,21.3445,21.062,3.238675,1.264743,164.52621,12.992206,178.20226,12.332375,36.01857,2.299668,5.71852e+41,2.85926e+40,9.08518e-17,9.73446,1,10.04903,3.238675
726,U-zvipe_z1_4780,1,phot,34.433646,-5.073712,0.878041,-75.249,47.943,-22.21,21.1789,21.0394,3.107367,1.213466,177.29832,8.205128,188.0462,8.238522,46.73485,2.30611,8.06453e+41,4.03226e+40,1.419e-16,9.69371,1,10.06903,3.107367
728,U-zvipe_z1_4795,1,kin,34.593562,-5.021369,0.839488,19.254,55.6511,-20.95,22.261299,22.2109,2.970906,1.160176,30.9355,3.565833,89.44409,9.041344,34.54465,2.491198,2.61112e+41,1.30556e+40,5.13209e-17,,,9.56503,2.970906
729,U-zvipe_z1_4854,3,kin,34.268433,-4.828694,0.869958,17.456,44.7026,-21.16,22.108,21.9084,2.775067,1.66504,102.04111,21.72499,126.01503,19.621242,45.79772,3.535821,4.28022e+41,2.14011e+40,7.70502e-17,,,9.64903,2.775067
730,U-zvipe_z1_4857,2,kin,34.283667,-4.823649,0.895037,72.498,43.7633,-21.77,21.7026,21.418,3.727098,2.236259,125.07,17.24492,179.28343,14.235533,69.73336,3.994479,4.79031e+41,2.39515e+40,8.03947e-17,,,9.89303,3.727098
732,U-zvipe_z1_4958,2,phot,34.188342,-4.985447,0.802184,-25.82,60.0334,-21.98,21.597099,20.9375,1.747456,0.682404,126.81188,18.413436,196.41894,17.10793,84.38804,4.755034,2.71662e+41,1.35831e+40,5.97155e-17,10.046,1,9.97703,1.747456
733,U-zvipe_z1_4959,2,phot,34.199733,-4.968167,0.802144,80.654,43.3358,-21.98,21.467199,21.0223,1.095392,0.427764,158.70987,30.983564,180.83786,29.528231,43.51547,4.467398,3.65047e+41,1.82523e+40,8.02525e-17,,,9.97703,1.095392
735,U-zvipe_z1_5083,1,kin,34.252142,-5.016543,0.988869,61.234,65.526,-22.53,21.087601,20.8498,4.716829,1.841981,138.43845,7.479056,163.5209,7.912592,70.22092,1.909679,6.61134e+41,3.30567e+40,8.67381e-17,9.92552,1,10.19703,4.716829
736,U-zvipe_z1_5085,2,kin,34.27955,-5.009954,0.894654,35.693,63.0425,-22.46,20.8587,20.4523,7.567106,2.270132,22.661,4.20506,78.10746,12.816711,81.01369,3.780858,1.35151e+41,6.75756e+39,2.2706e-17,,,10.16903,7.567106
738,U-zvipe_z1_5094,2,kin,34.317654,-5.035242,0.822819,-43.198,49.4383,-21.79,21.73,21.1825,2.19537,0.658611,75.8627,11.728446,78.10049,11.751621,23.69965,2.869762,2.74045e+41,1.37022e+40,5.65896e-17,10.0155,0,9.901031,2.19537
741,U-zvipe_z1_5100,2,phot,34.338471,-4.987074,0.958943,44.41,56.7868,-22.07,21.832199,21.3578,3.393651,1.325263,131.077,7.229319,140.97718,7.795389,17.2469,3.372052,3.4324e+41,1.7162e+40,4.85851e-17,9.83771,1,10.01303,3.393651
742,U-zvipe_z1_5101,1,kin,34.341433,-5.063681,0.80425,-50.457,69.5157,-21.6,21.4786,21.3032,5.7034,2.227249,80.123,11.418834,131.44584,9.920617,63.77892,2.347057,4.64611e+41,2.32305e+40,1.01484e-16,9.61889,0,9.82503,5.7034
